cell,cycle_name,rpt_index,cycle_number,capacity_Ah,capacity_mAh,temp_mean,temp_max,temp_min,temp_std,n_charge_points,v_min_charge,v_max_charge,source_file,pmax_full_32_42,pmax_voltage_full_32_42,ic_area_full_32_42,ic_mean_full_32_42,ic_std_full_32_42,peak_width_full_32_42,charge_time_window_full_32_42,q_delta_window_full_32_42,dva_mean_full_32_42,dva_std_full_32_42,dva_abs_mean_full_32_42,temp_mean_window_full_32_42,temp_max_window_full_32_42,pmax_medium_35_40,pmax_voltage_medium_35_40,ic_area_medium_35_40,ic_mean_medium_35_40,ic_std_medium_35_40,peak_width_medium_35_40,charge_time_window_medium_35_40,q_delta_window_medium_35_40,dva_mean_medium_35_40,dva_std_medium_35_40,dva_abs_mean_medium_35_40,temp_mean_window_medium_35_40,temp_max_window_medium_35_40,pmax_narrow_36_385,pmax_voltage_narrow_36_385,ic_area_narrow_36_385,ic_mean_narrow_36_385,ic_std_narrow_36_385,peak_width_narrow_36_385,charge_time_window_narrow_36_385,q_delta_window_narrow_36_385,dva_mean_narrow_36_385,dva_std_narrow_36_385,dva_abs_mean_narrow_36_385,temp_mean_window_narrow_36_385,temp_max_window_narrow_36_385,pmax_very_narrow_365_38,pmax_voltage_very_narrow_365_38,ic_area_very_narrow_365_38,ic_mean_very_narrow_365_38,ic_std_very_narrow_365_38,peak_width_very_narrow_365_38,charge_time_window_very_narrow_365_38,q_delta_window_very_narrow_365_38,dva_mean_very_narrow_365_38,dva_std_very_narrow_365_38,dva_abs_mean_very_narrow_365_38,temp_mean_window_very_narrow_365_38,temp_max_window_very_narrow_365_38,soh,pmax_norm_full_32_42,pmax_norm_medium_35_40,pmax_norm_narrow_36_385,pmax_norm_very_narrow_365_38,soh_rolling_median,soh_delta,soh_outlier
Cell01,cyc_00000,0,0.0,5.10509415908011,5105.09415908011,21.742105975132493,24.15564,20.59104,0.8473762357612126,7359,2.8960555,4.2004633,OCV_wExpansion.csv,19626.590980977293,3.636923725701378,5045.442195858398,7733.368209134643,4496.702163306989,0.709116627239823,72504.14746560596,5040.876050045073,0.00020828976559334318,0.0002602195199165797,0.00020828976559334318,21.791928590809285,24.15564,20046.92058537141,3.636923725701378,3809.3513514885844,8924.771856399846,4400.419055143739,0.2318429673303184,54860.00260571016,3812.565025648755,0.00013780113164245296,5.589133801300142e-05,0.00013780113164245296,21.429431435284066,22.935753,21388.762325030308,3.636923725701378,2329.9167855609135,10887.957523838882,4678.711824989677,0.10087721113122239,33550.0015935395,2331.3265507384394,0.00011371982492114535,5.589282825787999e-05,0.00011371982492114535,21.19032606733259,21.707947,19924.175853981924,3.6506375735746808,1424.4080573064507,11018.380962253299,4351.925638262595,0.08181685773755731,20510.000974172697,1425.584039531816,0.00011178012274564541,5.931476284031815e-05,0.00011178012274564541,21.177592535800972,21.565363,1.0,1.0,1.0,1.0,1.0,0.9456190529227664,,True
Cell01,cyc_00041,1,41.0,4.82747430379088,4827.47430379088,23.17108761261132,24.353674,19.672163,0.6165284012379288,6962,3.0204384,4.2003841,OCV_wExpansion.csv,17861.78091079997,3.6346523714027352,4788.130886260127,7252.027190396998,4077.160757763909,0.7091797434389178,68754.50327738722,4779.607001471801,0.00021730508407582044,0.00026885844024767894,0.00021730508407582044,23.18545334354129,24.250696,18166.45180206797,3.6346523714027352,3591.7113218119293,8331.618155347069,3964.4770488696063,0.23253267565611013,51700.00245561824,3592.5537076905953,0.00014552754491214316,5.684543200249682e-05,0.00014552754491214316,23.293861420864914,23.822943,18627.90783183268,3.6346523714027352,2172.538244348657,10055.211482096935,4214.449333017583,0.10988704678733097,31270.0014852453,2173.008175204941,0.00012178517209178391,5.765018232910313e-05,0.00012178517209178391,23.3349050647036,23.751652,17992.021094886255,3.650897954389161,1357.1366182364097,10269.898192692874,3813.67849719991,0.08252421628959361,19540.0009281002,1357.4768997264032,0.00011628862795680031,5.6340726279990703e-05,0.00011628862795680031,23.381379757973733,23.751652,0.9456190529227664,0.9100806618995713,0.9061966262950306,0.8709203248302626,0.9030246082319374,0.9321693998664655,-0.05438094707723362,False
Cell01,cyc_00059,2,59.0,4.69015081327213,4690.15081327213,24.74049304125388,25.676537,23.521933,0.5383017969992004,6763,3.0153182,4.2003841,OCV_wExpansion.csv,17177.95743958499,3.640919303529432,4651.700614254155,6986.405260711039,3789.052391004824,0.25323158633484333,66819.17122016729,4644.404265969709,0.00022231764027229512,0.0002823859669770797,0.00022231764027229512,24.70728149282855,25.64485,17704.54840161522,3.642666001719477,3503.6351806305174,8067.98865739641,3714.6118033144203,0.24565062533936732,50460.002409455294,3505.1560684374626,0.0001485305475600475,5.6360649353795055e-05,0.0001485305475600475,24.857054967060428,25.636929,18074.731677232845,3.6431569745701564,2100.233443171705,9692.420351336255,3945.1999298210967,0.12335685212669745,30250.001436797902,2101.666385636831,0.00012472036899353423,5.6848176211549626e-05,0.00012472036899353423,24.97947033095238,25.605242,17956.939371312616,3.652244800362011,1361.222036451763,10177.285830715762,3637.5075178272987,0.09568985692307752,19600.000930949995,1362.0713376003423,0.00011513566519662173,5.1866294053902736e-05,0.00011513566519662173,24.981127498450093,25.446815,0.9187197468101648,0.8752389783959121,0.8831555114023119,0.8450573905382454,0.901263846641057,0.9187197468101648,-0.026899306112601606,False
Cell01,cyc_00098,3,98.0,4.57836303997946,4578.36303997946,23.16806341353725,23.957605,22.571373,0.2452187818498117,6604,3.0160666,4.2003841,OCV_wExpansion.csv,16579.19203471584,3.6451619637104278,4541.62012077104,6864.484738385875,3692.542758838738,0.7023525419909546,65220.8171347022,4533.560901325268,0.00022673804263109552,0.00029150255661828447,0.00022673804263109552,23.15922799422848,23.957605,16914.571168386057,3.6451619637104278,3454.5546091334854,7961.860339383894,3598.2724050292027,0.24225908751131353,49740.002365872904,3456.1692599188573,0.0001501710117547563,5.732022351842447e-05,0.0001501710117547563,23.18799487505721,23.957605,17615.523744950806,3.6451619637104278,2039.1561724807002,9440.312939040836,3841.7998650782247,0.10999181927601853,29370.0013950001,2039.9287760123898,0.0001281037471875042,5.855677356963334e-05,0.0001281037471875042,23.171970543909346,23.712044,17664.344491489526,3.6511709941176678,1366.3699000738266,10164.626491393914,3499.4779338736776,0.08729585864253409,19670.0009342748,1366.5869860513747,0.00011345793153807005,4.766409581129611e-05,0.00011345793153807005,23.129702240615384,23.609066,0.8968224477968175,0.8447311125393561,0.843749098339269,0.823587801727833,0.8865784271804266,0.8968224477968175,-0.02189729901334725,False
Cell01,cyc_00134,4,134.0,4.48010515738194,4480.10515738194,21.178952885055693,22.143621,20.464296,0.3139211510903125,6464,3.0172875,4.200345,OCV_wExpansion.csv,16518.113160711964,3.6383772371945904,4443.429945938489,6739.837500847792,3605.307492116555,0.2498587957466074,63816.26703447341,4434.115050632958,0.00023090920015840128,0.000299754672570701,0.00023090920015840128,21.186418729350653,22.143621,16788.568282375414,3.6383772371945904,3403.4106057151666,7820.789026174407,3497.5891851467054,0.2498587957466074,49000.00232737509,3404.285426284759,0.00015204266736803005,5.7160722139642594e-05,0.00015204266736803005,21.045287157748437,21.692104,17156.20316302545,3.6473387464253597,1993.7891012462094,9225.869643588787,3752.0095987944283,0.1215886577375569,28710.0013636519,1994.403420188934,0.0001306739892641279,5.917844382757258e-05,0.0001306739892641279,20.937454620419928,21.486151,17377.738275612122,3.6516255640724182,1372.8498055435216,10129.571470122766,3425.6390701895266,0.09182228787330393,19780.0009394996,1373.1440269511727,0.00011268867543046366,4.458485509829148e-05,0.00011268867543046366,20.91071856731946,21.383173,0.8775754212904102,0.8416190655178903,0.8374636997677503,0.8021129461496851,0.8721935804506119,0.8775754212904102,-0.019247026506407305,False
Cell01,cyc_00175,5,175.0,4.42061304185933,4420.613041859329,26.192820460006274,27.482597,25.391367,0.4412815399119406,6376,3.0165393,4.2002664,OCV_wExpansion.csv,15500.164325545164,3.520575946877848,4384.089759198725,6581.548367135167,3403.362254869253,0.6920105733580946,62946.57698980183,4377.046580422737,0.00023476449859547173,0.00030233777517749437,0.00023476449859547173,26.20975565594233,27.482597,15775.360543182622,3.520575946877848,3347.913853050201,7615.40490152023,3266.3164180279205,0.24721805212669823,48170.00228795225,3347.3682173648717,0.00015437589794374673,5.66059551653605e-05,0.00015437589794374673,26.032124069209036,26.848894,16377.966370707149,3.6529103212669884,1949.352682164089,8870.882376505759,3464.6259793832564,0.11833653221719542,28070.001333253396,1950.2957929370423,0.0001337319472334978,5.765128591215409e-05,0.0001337319472334978,25.876257534005035,26.476591,16835.7265896922,3.6529761547511512,1355.6172703456937,9846.252836417341,3218.3257935255906,0.09071863701357419,19520.000927150202,1356.1552981973418,0.00011472031612454549,4.3051735516068764e-05,0.00011472031612454549,25.824984829919305,26.318161,0.8659219407337793,0.789753265891586,0.7869218853839417,0.7657276340642091,0.8449898612156405,0.8659219407337793,-0.011653480556630957,False
Cell01,cyc_00216,6,216.0,4.30947158845134,4309.471588451341,24.14467072161467,24.884401,23.411036,0.2587552547807564,6218,3.0183511,4.200345,OCV_wExpansion.csv,14934.644908682803,3.6555074677828254,4271.186509022904,6414.111954351647,3255.8080980963477,0.6853454882352974,61330.0029130187,4263.230159165098,0.00023990168244116252,0.00031227223594708185,0.00023990168244116252,24.153038108146824,24.884401,15223.976182612425,3.656558728959297,3266.2082820059763,7411.096097588747,3126.5384589443174,0.24368854769230897,46850.00222525558,3255.703958983571,0.0001575891825371681,5.6513747774571036e-05,0.0001575891825371681,24.089154572012504,24.884401,15686.994954791653,3.6574680973755855,1896.1376605246323,8603.545129741231,3331.9466076124254,0.1101537255203624,27300.0012966804,1896.9739125618075,0.00013707240294466908,5.7401352268039095e-05,0.00013707240294466908,23.937428403163747,24.710133,16118.91096087678,3.6574680973755855,1343.634067719679,9666.385327566119,3012.862362660481,0.09516824289592796,19330.000918125697,1343.6980948696755,0.00011541035020204363,4.060585489745695e-05,0.00011541035020204363,23.854153440940014,24.409122,0.8441512446516494,0.7609393257931512,0.759417194166052,0.7334222857969611,0.8090126828335212,0.8441512446516494,-0.021770696082129892,False
Cell01,cyc_00257,7,257.0,4.16816692077489,4168.16692077489,25.104235567248544,25.937939,24.45665,0.3021949318601987,6015,3.0193751,4.200345,OCV_wExpansion.csv,13854.452340412647,3.6499067623529617,4132.551591883302,6177.637833318568,2985.251243095116,0.6807697838009084,59333.554818192475,4124.794325660148,0.0002460657702192379,0.00032448681044689413,0.0002460657702192379,25.119248300751877,25.874569,14223.789187992816,3.6499067623529617,3151.368975124318,7100.559111567181,2844.209036351783,0.25326492769230846,45090.002141660094,3133.428433475722,0.00016221909205251086,5.608274002465234e-05,0.00016221909205251086,25.102042987660415,25.874569,14938.441765939686,3.660674390497758,1819.9629688432767,8180.664925089393,3050.6638509053005,0.12759547556561168,26200.001244433202,1820.524019881931,0.00014220799808527983,5.6637676187271344e-05,0.00014220799808527983,24.99277228721541,25.874569,15220.347943302851,3.660674390497758,1310.8855796711218,9336.195693398295,2642.3901475824905,0.10949562624434428,18870.000896277,1311.367929823976,0.00011711699921412624,3.702915500798963e-05,0.00011711699921412624,24.911817801257865,25.621086,0.8164720945178325,0.7059021280792378,0.7095248932333361,0.6984247867609384,0.763913551799986,0.8164720945178325,-0.027679150133816832,False
Cell01,cyc_00298,8,298.0,3.95327863750133,3953.27863750133,25.091540664037854,26.175579,24.171482,0.446257606345706,5706,3.020478,4.2003055,OCV_wExpansion.csv,12230.129121264621,3.6632707390950436,3921.02358925831,5794.747550021611,2567.711342926374,0.6760457603619736,56273.65467285507,3911.8573179216764,0.0002570558103451955,0.0003474373644562752,0.0002570558103451955,25.094246802865335,26.151814,12398.853062254684,3.6659132031674413,2957.67520199949,6594.912772492863,2423.228414103492,0.26624224072398306,42310.002009617165,2940.086585295556,0.00017167454921893774,5.7923629311823567e-05,0.00017167454921893774,24.92072355345586,26.064682,12909.819135915348,3.6659780789140477,1693.7443202513273,7484.928309422314,2569.3787808083966,0.1370449473303177,24380.001157987903,1694.1458760389057,0.00015219483184501342,5.694515711257406e-05,0.00015219483184501342,24.881272128003697,25.64485,13077.90189996465,3.6659780789140477,1241.9886259243285,8646.588936061848,2056.8615425818257,0.13148708859728586,17870.0008487794,1242.1861260498665,0.00012299055823403285,3.184731202959956e-05,0.00012299055823403285,24.92464962597911,25.64485,0.7743791817179085,0.6231407753449616,0.6184916535910431,0.6035795311450801,0.6563835812235607,0.7743791817179085,-0.042092912799924,False
Cell01,cyc_00339,9,339.0,3.81174955333776,3811.74955333776,24.879381250499545,25.708221,23.545696,0.4774141221034381,5505,3.0236683,4.200345,OCV_wExpansion.csv,11508.02154879275,3.669320692850699,3780.109852279321,5559.035606761913,2335.2061335711073,0.6679459957466096,54228.27057570456,3771.069620647485,0.0002667146426310519,0.0003678889644907709,0.0002667146426310519,24.887941042431418,25.708221,11621.533675521398,3.669320692850699,2827.188494381165,6288.068101595622,2187.0177567497667,0.25980284959276156,40510.00192412171,2814.934401181231,0.00017876927937354007,6.521802935763607e-05,0.00017876927937354007,24.92132738929244,25.64485,11813.18300733199,3.669320692850699,1635.8976800480157,7125.686347116112,2305.4805349042094,0.14388382325791937,23550.001118565022,1636.4553361459666,0.00015652153084609493,5.184156595799594e-05,0.00015652153084609493,25.010377166824643,25.494345,11982.859076709223,3.669320692850699,1188.8226016010296,8240.601190569587,1831.9243492028456,0.1414901692307695,17110.0008126814,1189.0293632205205,0.00012792097101348328,3.0391451177553486e-05,0.00012792097101348328,25.050193024324322,25.454739,0.7466560722603011,0.5863484677469809,0.5797166515440698,0.5523079282389123,0.6014230733821997,0.7605176269891047,-0.027723109457607475,False
Cell01,cyc_00380,10,380.0,3.54364290630496,3543.64290630496,26.969290703457705,27.609341,26.175579,0.2931620289208506,5119,3.0259132,4.2003841,OCV_wExpansion.csv,9585.820249747487,3.680347793936672,3512.6855609439954,5091.746605335324,1850.3135816068157,0.6618922697737593,50392.21839350188,3504.0054788657217,0.0002831506573335574,0.0003940522184511188,0.0002831506573335574,26.976139092677826,27.609341,9693.822334793325,3.680347793936672,2576.8936713897438,5680.441390541518,1691.3740786484352,0.4273411721266993,36970.00175598074,2569.6077730592324,0.00019460085168356627,7.841379975245157e-05,0.00019460085168356627,27.05213633583815,27.609341,9960.07883641937,3.680347793936672,1491.2906310955352,6360.44897218801,1725.7639021746336,0.1587231114027161,21460.00101929532,1491.5922503967959,0.00016971576183135147,4.726608428624994e-05,0.00016971576183135147,27.081785101061143,27.609341,10054.95926348381,3.6854761033484364,1057.792488143502,7256.348142809861,1291.1589010733903,0.14756919773755728,15220.0007229112,1057.6245909968443,0.00014240504752498342,2.6303926336461655e-05,0.00014240504752498342,27.1002456347699,27.577656,0.694138598795892,0.48840984453379416,0.4835566786186143,0.4656687790094118,0.5046612385462502,0.7466560722603011,-0.05251747346440905,True
Cell03,cyc_00000,0,0.0,4.93819464654365,4938.19464654365,24.310460224926153,24.757662,23.712044,0.12635267225784277,7109,3.0933039,4.2000299,OCV_wExpansion.csv,18393.81672436388,3.635458907601831,4914.541244283274,7404.4250025097745,4172.978597953819,0.26296485185520435,70644.92538314358,4908.871259288757,0.00021282145865382407,0.00025875511684405564,0.00021282145865382407,24.30989428557754,24.757662,18869.803652105184,3.635458907601831,3646.650079571241,8492.84242369115,4088.9947697299376,0.23087152959276125,52490.0024931412,3647.520721731077,0.00014359999814327436,5.775533768527957e-05,0.00014359999814327436,24.291336430081483,24.757662,19415.980286004484,3.635458907601831,2243.1285344623925,10430.245461066459,4307.241129591912,0.11095744380090578,32290.0015336927,2244.2023730039264,0.00011788818985792237,5.921989448427246e-05,0.00011788818985792237,24.28860458358663,24.757662,18823.971731787806,3.650261555475134,1376.1386286596096,10608.094230219433,3988.952605732376,0.08087025221719513,19820.0009413995,1376.841635165607,0.00011466448527735995,6.172696789701967e-05,0.00011466448527735995,24.288840352941175,24.686369,1.0,1.0,1.0,1.0,1.0,0.97194358409899,,False
Cell03,cyc_00005,1,5.0,4.79964660374008,4799.6466037400805,24.356788458900144,24.87648,23.815022,0.14948907537112993,6910,3.1655784,4.2000299,OCV_wExpansion.csv,18008.068897991034,3.635881537285088,4796.179072295547,7259.869476906401,4086.288011294298,0.24500600452488808,68937.4593315222,4789.721378491507,0.0002167580156102255,0.0002637666498688157,0.0002167580156102255,24.353601818861783,24.87648,18411.05835062561,3.635881537285088,3572.6440093265774,8355.75223961185,3994.4012222372767,0.2313342893212682,51440.00380132701,3573.454609687821,0.00014561706520146178,5.805635701270565e-05,0.00014561706520146178,24.364599248379164,24.844795,19112.664284600414,3.635881537285088,2171.717750504035,10165.703905137558,4232.303322499658,0.1123660571945706,31260.002186319995,2172.2352122975312,0.00012091487711963859,5.953472138375444e-05,0.00012091487711963859,24.359528085262347,24.821032,18135.811501875927,3.651239658280563,1365.199781213399,10359.766241862153,3810.19089411411,0.0813589341176475,19660.001393895014,1365.399890752434,0.00011513570069887559,5.70271761255979e-05,0.00011513570069887559,24.341778320472933,24.718054,0.97194358409899,0.9790283967621631,0.9756889202486009,0.9843780227968861,0.96344234682685,0.9642919566274226,-0.028056415901010046,False
Cell03,cyc_00010,2,10.0,4.7240761521052,4724.0761521052,24.327031765916775,24.749741,23.743731,0.12761145896426934,6801,3.1808605,4.2000299,OCV_wExpansion.csv,17805.449777609734,3.6384019767421014,4723.745275236834,7120.306840231987,3975.1322565697114,0.24887588524887017,67893.7107953389,4717.005724686996,0.00021998367219140425,0.00026763923452216386,0.00021998367219140425,24.32626999687294,24.749741,18122.77091873121,3.6384019767421014,3539.203982614003,8215.330048135858,3876.83340930901,0.2356725829864268,50970.00329690131,3541.174273260939,0.00014752385038082158,5.836062003211088e-05,0.00014752385038082158,24.339955785488957,24.749741,18656.138659041888,3.6409290032579396,2127.316039434753,9924.079167777787,4129.570169490815,0.10974012171945757,30640.001678132016,2128.8597610921274,0.00012374516258634782,6.043648240054433e-05,0.00012374516258634782,24.361836960676367,24.749741,18560.010385143123,3.6508907476018306,1369.193234841488,10274.640781321932,3699.218987118773,0.08262517203619968,19720.000991747,1370.04039223218,0.00011432015920736655,5.258370774339039e-05,0.00011432015920736655,24.35986349846154,24.749741,0.9566403291558553,0.9680127862764439,0.9604112079199811,0.9608651422297586,0.9859773829664792,0.9566403291558553,-0.01530325494313467,False
Cell03,cyc_00015,3,15.0,4.66554441089788,4665.54441089788,24.3058309584636,24.702211,23.656595,0.11325125405559389,6717,3.1837749,4.2000299,OCV_wExpansion.csv,17613.92022246337,3.640667899366536,4666.639592099324,7050.2292938759865,3911.2007933720024,0.2444718697737569,67072.1606236633,4659.917934856871,0.00022218162882282384,0.00027205940839209017,0.00022218162882282384,24.305130204937047,24.702211,17986.492593135546,3.640667899366536,3514.981813531129,8164.072201027167,3812.6406859640406,0.234078748687784,50620.0031495647,3516.8729907457146,0.00014815432323068056,5.865021730019224e-05,0.00014815432323068056,24.311655605643338,24.662605,19020.066886768018,3.6421184140271694,2094.824619442855,9792.94251896451,4087.153006206541,0.10252729167420904,30160.001526417997,2095.484823269803,0.00012537791916516063,6.110114251461134e-05,0.00012537791916516063,24.314198387186632,24.662605,18721.810629204363,3.6508296720362194,1375.0947231278808,10278.372450033648,3654.3707011729975,0.07690241927601837,19790.000995266993,1375.4364260898967,0.00011319468433514571,4.9344762403519345e-05,0.00011319468433514571,24.319443962622554,24.662605,0.9447874668454789,0.9576000721553627,0.9531891759312985,0.9796088895124265,0.9945728189545183,0.9447874668454789,-0.01185286231037641,False
Cell03,cyc_00023,4,23.0,4.588762261441,4588.762261441,24.22625141008174,24.662605,23.696203,0.12360185522302787,6606,3.1927552,4.2000299,OCV_wExpansion.csv,16864.156022546133,3.642562928144817,4593.129428350072,6922.681156220555,3797.0021278366885,0.24688859149321418,66006.4448249744,4585.8232907254605,0.00022579366689792505,0.00027970616943029803,0.00022579366689792505,24.226232677065763,24.662605,17141.013978549654,3.642562928144817,3484.6213947394326,8054.539753138084,3691.1374739488174,0.24331508063348561,50170.00338322979,3485.817366994169,0.0001493347646908377,5.8412248631208045e-05,0.0001493347646908377,24.2461344224,24.662605,17809.706407598933,3.642562928144817,2055.8427140127033,9570.20261806483,3931.9876149768093,0.11460291185520433,29600.001758333005,2056.4058103081884,0.00012735996129346381,6.0705498066331385e-05,0.00012735996129346381,24.243205508474574,24.607155,17657.301353173294,3.650614998371061,1382.310461587342,10228.455892406257,3517.3988580397863,0.09120757194570173,19900.00110197399,1382.3804996976296,0.00011208097409750639,4.506356306333236e-05,0.00011208097409750639,24.24921762201835,24.607155,0.9292388392694839,0.9168383199234769,0.9083832717378244,0.9172705238291062,0.9380220925085448,0.9292388392694839,-0.015548627575994955,False
Cell03,cyc_00028,5,28.0,4.53322277837579,4533.22277837579,24.222747313515175,24.670525,23.704123,0.12657069373059532,6526,3.201499,4.2000299,OCV_wExpansion.csv,16427.028989890274,3.644425624705902,4539.647762518283,6834.858727745877,3709.651999556666,0.2512589423529423,65238.68431716811,4532.312067837989,0.00022796780168522166,0.0002831875030395558,0.00022796780168522166,24.219180139277185,24.646763,16830.99601544476,3.644425624705902,3459.680053697258,7963.994532094793,3603.8744070650746,0.2500091322171958,49820.00289739309,3460.9331113450817,0.00015059418430326806,5.8731230518040465e-05,0.00015059418430326806,24.241670725580324,24.646763,17479.552733257333,3.6477543137556765,2028.0438388442437,9386.39160128206,3848.7608681584984,0.12150579972850828,29190.0014680077,2028.395667937481,0.00012965992116671077,6.141194104753357e-05,0.00012965992116671077,24.27471517620605,24.646763,17633.798484529423,3.6507201303167625,1381.9399514636702,10137.480246455609,3471.1487943947186,0.10001866235294177,19890.001000296994,1382.0700737098873,0.00011268259478677489,4.4174503530692295e-05,0.00011268259478677489,24.281035450824678,24.646763,0.9179919186759257,0.8930734298407756,0.891953955947339,0.9002663000156126,0.9367735319508288,0.9179919186759257,-0.011246920593558252,False
Cell03,cyc_00036,6,36.0,4.46913705473771,4469.13705473771,24.13773621997511,24.559628,23.482327,0.12271244286372751,6428,3.2056739,4.2000694,OCV_wExpansion.csv,16490.851206777388,3.638411044253414,4472.47925222918,6797.411627996581,3668.251221527534,0.2445807391855217,64253.62401360141,4463.9523510522895,0.00022876856523344538,0.0002833704387646747,0.00022876856523344538,24.135829853503186,24.559628,16714.459898105637,3.638411044253414,3420.3324736974573,7912.1779949720585,3543.240104134042,0.2419903675113142,49250.00261551399,3421.310920890516,0.00015121926465111335,5.888531785387646e-05,0.00015121926465111335,24.15285955529954,24.559628,17270.1983964269,3.6454659584615587,1992.9541309202564,9268.392816251115,3761.527486198599,0.1131977348416302,28700.001443364206,1993.9590901965958,0.00013079515983959133,6.159079039438317e-05,0.00013079515983959133,24.166072380991398,24.559628,17774.977165821238,3.6515296457013777,1382.789969221823,10120.00730683687,3413.7129888590625,0.09129854914027202,19910.001001302007,1383.0121088712583,0.0001120401048434017,4.1869473507281475e-05,0.0001120401048434017,24.172765384101943,24.559628,0.9050143573959274,0.896543194590719,0.8857781567981982,0.8894837212456217,0.9442734731589538,0.9050143573959274,-0.012977561279998273,False
Cell03,cyc_00055,7,55.0,4.34432001545543,4344.32001545543,24.342368197511167,24.900246,23.92592,0.11799841846838614,6268,3.0173271,4.2003841,OCV_wExpansion.csv,15314.389036105522,3.651401235837125,4306.030134768439,6491.593568751193,3354.0266468858717,0.6938698002714965,61831.3809455361,4296.9019310676695,0.00023758022771373704,0.0003091540078312737,0.00023758022771373704,24.342386196698033,24.733896,15570.706864579286,3.651401235837125,3285.9762142843647,7502.881049576891,3242.594889110158,0.24840797674208304,47300.002246629396,3286.264068550951,0.00015744399189637483,5.919408837799304e-05,0.00015744399189637483,24.328050463919983,24.69429,16121.025934869102,3.651401235837125,1909.4079229491067,8745.39659076152,3432.046309088654,0.11989752190045344,27490.0013057049,1909.9213461280724,0.00013653448594484093,6.132007158660398e-05,0.00013653448594484093,24.316384649339582,24.678448,16391.55617999691,3.651401235837125,1358.230762741895,9809.48500401986,3076.2747818354637,0.10438894307692381,19550.000928575202,1358.378873945237,0.000113484256435413,3.875070633396814e-05,0.000113484256435413,24.31899598578492,24.678448,0.8797385130406137,0.8325835396533312,0.8251652826733129,0.8302967811771798,0.8707809602325685,0.8797385130406137,-0.025275844355313715,False
Cell03,cyc_00079,8,79.0,4.18965321072615,4189.65321072615,24.376994048933707,24.828953,23.965528,0.1190676274295131,6049,3.018863,4.2003841,OCV_wExpansion.csv,14525.43480645005,3.5247827389140465,4155.09597295737,6300.282319630993,3173.0404381506387,0.68577709457014,59648.22884747111,4146.58623145493,0.0002445819450133169,0.00032712554244370676,0.0002445819450133169,24.375102885677933,24.828953,14894.482985255327,3.6590988038009256,3163.418297292391,7251.210890459967,3072.737826321637,0.24260696714932273,45380.0021554343,3152.859890004791,0.0001620089724447341,6.016757882263118e-05,0.0001620089724447341,24.387315109481918,24.828953,15561.106052072266,3.6591601988235496,1828.3840643993112,8349.384904349123,3203.584777120766,0.11056727791855225,26320.0012501329,1828.8202028853198,0.00014143614194482877,6.092835448413793e-05,0.00014143614194482877,24.41730565533769,24.781424,15704.924988276636,3.6591601988235496,1328.356135718314,9497.743140648148,2762.94641296287,0.09887932986425385,19130.0009086262,1328.879706833529,0.00011527166252458603,3.594432611652614e-05,0.00011527166252458603,24.427389972222223,24.781424,0.8484179969816661,0.7896911785149032,0.7893289861335491,0.8014586862394527,0.8343045353046258,0.8640782550111399,-0.03132051605894759,False
Cell03,cyc_00104,9,104.0,4.03213155256178,4032.13155256178,24.394737394745885,24.836874,23.878393,0.12969782759875098,5824,3.020596,4.2003841,OCV_wExpansion.csv,13829.478250146012,3.6607071133936855,3999.8334146826883,6046.966697184016,2933.5917753437775,0.6784790334841664,57391.84872596643,3989.8247757725944,0.00025281232744106015,0.00034313344311981035,0.00025281232744106015,24.396937869034197,24.836874,14087.893960111815,3.6607071133936855,3037.0356769945743,6920.149361623002,2833.9749341574957,0.24941258217194706,43370.002059964405,3013.0986163079256,0.00016791405058718103,6.0345503706443796e-05,0.00016791405058718103,24.385677025835868,24.821032,14492.822423201442,3.6607071133936855,1744.1881503943423,7902.172814457995,2956.3475993337374,0.11740538968325831,25110.001192660995,1744.4943762671608,0.00014794986619063894,6.122527070102683e-05,0.00014794986619063894,24.375721917641766,24.821032,14603.930066084267,3.6607071133936855,1298.4105669132118,9147.796689119834,2435.9094743097307,0.11305203855203727,18690.000887727398,1298.6856998188673,0.00011790619339289548,3.3522192637951565e-05,0.00011790619339289548,24.38106644139651,24.781424,0.8165193640926967,0.7518547377841333,0.7465840249238692,0.746437841907381,0.7758155544519222,0.8484179969816661,-0.031898632888969436,False
Cell10,cyc_00000,0,0.0,5.04197207312567,5041.97207312567,22.635687844196916,25.121552,21.252148,0.8094664366453613,7272,2.8991325,4.2002897,OCV_wExpansion.csv,19733.832160324222,3.62974746760183,4981.328568436864,7624.0288452576415,4442.478557137954,0.23596535755656278,71623.89942133706,4975.324688931197,0.00021070259119730086,0.00026140843076306636,0.00021070259119730086,22.685144795321637,25.034864,20055.907327907,3.629786844343912,3763.9378291128146,8804.868181394244,4347.499678237062,0.22744354307692438,54210.00257483685,3765.4835274782945,0.00013967817222264084,5.69077926923553e-05,0.00013967817222264084,22.34032821282548,23.821243,20764.248082788403,3.629786844343912,2290.612482492443,10712.070797810718,4635.064410271299,0.10276721900452612,32990.001566941006,2291.513913595447,0.00011595059188132122,5.785164035797538e-05,0.00011595059188132122,22.11871044402845,22.623383,20256.518506225195,3.6515194778280744,1419.6257197989423,10986.653554293476,4304.479669895123,0.07485855855203605,20440.000970847897,1419.933706558634,0.00011187060617832249,6.0341917248229665e-05,0.00011187060617832249,22.100974522134628,22.418484,1.0,1.0,1.0,1.0,1.0,0.9310613545508473,,True
Cell10,cyc_00041,1,41.0,4.69438534801193,4694.38534801193,23.84281630222552,25.090029,22.930729,0.4141624821048172,6740,3.0171366,4.200211,OCV_wExpansion.csv,17020.460667957395,3.6378132433484365,4637.297884588444,6912.164387109203,3701.7882982848705,0.708552842979945,66591.61117008375,4629.6468034662885,0.00022280164072453857,0.0002827603828400091,0.00022280164072453857,23.809510659254304,24.822086,17306.58973654446,3.639508888778301,3484.9995403316493,7971.598610624438,3619.786427131062,0.24391534497737677,50180.00238342207,3486.172700809391,0.00014927707832000056,5.550619700068149e-05,0.00014927707832000056,23.926384027125597,24.822086,17783.826936002813,3.6395618214479843,2109.33718045983,9661.698329019591,3855.639030167007,0.12323975348416338,30380.001442972505,2110.3154941383527,0.000124278767738794,5.602984047739147e-05,0.000124278767738794,24.177154546031744,24.822086,17637.873238596345,3.6509023099547715,1361.4730345401981,10150.668952527682,3543.1123835241087,0.09387616932126752,19600.00093095,1361.5776537065615,0.00011465425536494644,5.071394130747507e-05,0.00011465425536494644,24.31652352238806,24.822086,0.9310613545508473,0.8625015420055013,0.8629173167579922,0.8564638057249915,0.8707257978796261,0.9200236330371112,-0.06893864544915274,False
Cell10,cyc_00082,2,82.0,4.58308158076554,4583.08158076554,25.257064727810647,27.769451,24.089186,0.6917568025690366,6591,3.015049,4.200211,OCV_wExpansion.csv,16287.02279064387,3.6408259937556764,4535.132595637828,6786.7389437113425,3593.3531373777782,0.7033748346537907,65382.86910797215,4527.176123266973,0.00022745909193851673,0.00029009977454472186,0.00022745909193851673,25.217591965476192,27.477869,16668.156026634344,3.644510137375586,3439.5017202398703,7864.663275216616,3489.626865699095,0.24838897547511474,49540.00235302378,3440.8057088341757,0.0001509040619723637,5.644100342299777e-05,0.0001509040619723637,25.309431668122272,26.390337,17121.771269886216,3.644510137375586,2042.579332281671,9356.719780746715,3724.489272811338,0.12350112850678885,29420.001397375003,2043.5124486670327,0.00012820682564715233,5.752287531473198e-05,0.00012820682564715233,25.36566991155089,26.18544,17444.074811451075,3.6517531706787536,1371.1762876870566,10061.091266548778,3407.883921342769,0.09833023493212689,19760.0009385497,1371.7672792714911,0.00011364668036202102,4.5382285335899684e-05,0.00011364668036202102,25.32143528140394,25.909616,0.9089859115233753,0.8253350215164837,0.8310846153263416,0.8245794021348909,0.8611585848817108,0.9089859115233753,-0.022075443027471997,False
Cell10,cyc_00123,3,123.0,4.4699205866506,4469.9205866506,25.00112854217054,25.728361,24.191633,0.29523152803006353,6450,3.0159156,4.2001715,OCV_wExpansion.csv,16000.52268604803,3.646686425972871,4435.244408602724,6659.464574876742,3494.8596856857125,0.6972529639685963,63976.29303871076,4426.7184388414325,0.00023186188896207478,0.00029681699455640786,0.00023186188896207478,24.985908195493938,25.728361,16231.971445044512,3.650320342443459,3392.151042820751,7724.987239714643,3363.031396166735,0.2538635876923099,48850.00232025053,3392.82269547135,0.0001529376269618044,5.6899565893563426e-05,0.0001529376269618044,25.103135405060353,25.728361,16764.78809672049,3.652407226515858,1986.393446074812,9066.271104228992,3585.136211806366,0.12219284325791913,28600.0013584271,1986.6005028731247,0.00013176222276261437,5.8483987670887976e-05,0.00013176222276261437,25.19736805661157,25.728361,16975.777338474047,3.6530325041629164,1372.4359054734832,9954.079460185869,3266.8785676298166,0.08845198941176546,19770.0009390247,1372.706096389331,0.00011321779621118022,4.141482522483026e-05,0.00011321779621118022,25.19101299573691,25.625914,0.8865421152322174,0.8108168021322193,0.8093361810890684,0.8073871988948598,0.8380402255825493,0.8865421152322174,-0.02244379629115789,False
Cell10,cyc_00164,4,164.0,4.40244960466655,4402.449604666551,24.432994638810197,25.373732,23.379925,0.3965069882517122,6354,3.0170972,4.2002501,OCV_wExpansion.csv,15484.546599455398,3.6512710404525093,4366.610119633147,6592.360671146357,3435.4494180946235,0.6927695902262481,62782.81898202376,4358.559909863072,0.00023485834919425438,0.0003033263894595538,0.00023485834919425438,24.414001010024627,25.373732,15838.352922867713,3.6512710404525093,3343.3258698097425,7642.3393795838665,3304.718041755162,0.25216697438914126,48140.00228652727,3343.7249522274924,0.00015470241304537646,5.831199989694943e-05,0.00015470241304537646,24.54680883352955,25.373732,16444.825116456275,3.6513283657013775,1947.6820700988615,8922.263288088297,3496.7666344416166,0.1268012088687791,28050.001332303495,1948.3164938354143,0.00013379527438544048,5.98895600261063e-05,0.00013379527438544048,24.749019516115528,25.373732,16679.6971216582,3.6513283657013775,1369.603598397155,9913.564796845923,3157.9986109520087,0.09795411692307754,19730.0009371247,1369.905181075373,0.00011282659559975999,3.962260381307542e-05,0.00011282659559975999,24.850712793814427,25.373732,0.873160251745968,0.7846700262601701,0.7897101170201994,0.7919778771130884,0.8234236853945176,0.873160251745968,-0.013381863486249368,False
Cell10,cyc_00205,5,205.0,4.26466378723291,4264.663787232909,22.976261269462054,23.860645,22.347559,0.258210103742577,6153,3.0174518,4.200211,OCV_wExpansion.csv,14715.735477275935,3.6541416504072606,4232.94619520735,6410.744122388058,3250.9735912258507,0.6884912134582875,61019.37689826478,4224.49899743251,0.00024052843603215832,0.00031672031835281984,0.00024052843603215832,22.978842238445,23.718794,14951.37751430108,3.6541416504072606,3228.2287750523774,7382.600610274022,3114.8132933428597,0.2529377849773766,46400.002203881726,3222.7330062801607,0.00015898989102412783,5.8966817261374926e-05,0.00015898989102412783,22.87634988298636,23.513897,15549.922772075104,3.6575324838914227,1878.173933224482,8585.899359073966,3272.6879159017153,0.11873657520362002,27050.0012848061,1878.7740537001032,0.00013771323463823847,6.010767273442197e-05,0.00013771323463823847,22.79158991656078,23.159267,15775.13445385459,3.6575324838914227,1351.453555340538,9686.432304747097,2842.3687568613095,0.10580343529411795,19450.000923825402,1351.562951938402,0.00011335390329029944,3.602951726869406e-05,0.00011335390329029944,22.767635634824668,23.143507,0.8458324888319178,0.745710987998702,0.7454849720758747,0.748879646885192,0.7787682986593479,0.8458324888319178,-0.027327762914050258,False
Cell10,cyc_00246,6,246.0,4.21412253322772,4214.12253322772,26.1775993716916,27.714287,24.956057,0.8328641762766159,6083,3.0179243,4.200211,OCV_wExpansion.csv,14386.77762076899,3.647429066063369,4186.335501378351,6280.663301148959,3111.0200167221287,0.684088073742712,60379.63886787882,4178.841683583372,0.00024359414348187425,0.00032172025122349644,0.00024359414348187425,26.21812640523827,27.714287,14589.562238181625,3.647429066063369,3189.423412754905,7225.086281357802,2964.1057719593628,0.25391453574660794,45770.00217395837,3178.835556900194,0.00016084795628171244,5.76856456944008e-05,0.00016084795628171244,25.969402840087888,27.477869,15016.203729733674,3.647429066063369,1846.6327738322893,8361.659216964794,3109.478832076276,0.11846440950226267,26600.001263432197,1847.3985942419083,0.00013972941738754497,5.803258246024112e-05,0.00013972941738754497,25.769907659583694,26.792252,15205.569826834646,3.6598672644344097,1328.0713076670345,9446.816567905375,2664.240191369906,0.10591884886877834,19130.000908626196,1328.671033570038,0.00011531243329936412,3.4941301665594126e-05,0.00011531243329936412,25.77960299132052,26.689802,0.8358083845187304,0.7290412477356663,0.7274446376146158,0.7231758968522769,0.7506507015093289,0.8358083845187304,-0.010024104313187343,False
Cell10,cyc_00287,7,287.0,4.10275581347726,4102.75581347726,25.781441710162053,27.12324,24.625069,0.45231174603483587,5924,3.0182002,4.2001715,OCV_wExpansion.csv,13548.885895001611,3.6510185042534142,4071.44308871737,6088.641804359497,2916.818960409055,0.6804446244408338,58472.68877730358,4062.6437135919386,0.00024913235427646667,0.00033123419534747536,0.00024913235427646667,25.768039338856827,26.957743,13802.224532018387,3.6510185042534142,3094.869902365127,6987.912885807567,2775.4912573182655,0.2521117864253406,44350.002106511994,3080.3665265486734,0.00016506152812249876,5.846631254249618e-05,0.00016506152812249876,25.90984588997494,26.67404,14294.818750177305,3.6602006601810153,1790.0233136669094,8035.429995427527,2887.7393791158524,0.12429947067873393,25780.001224484295,1790.5793872798365,0.00014370119240789906,5.719174698884283e-05,0.00014370119240789906,25.892949196815568,26.390337,14750.447656510889,3.6602006601810153,1301.4904590092963,9176.259857424993,2430.2770794535763,0.11360590850678776,18740.0008901023,1301.498640779722,0.00011745434772605431,3.3178413196585874e-05,0.00011745434772605431,25.857733673137133,26.343052,0.8137204558005094,0.6865815917012951,0.6881874904165087,0.688434211206827,0.7281827650678377,0.8137204558005094,-0.02208792871822096,False
Cell10,cyc_00328,8,328.0,4.02365736760322,4023.65736760322,25.996081490530297,26.831654,25.310686,0.2837108326834403,5808,3.0200119,4.200211,OCV_wExpansion.csv,12893.549404845468,3.6684480709502463,3995.950116994669,5958.080897545694,2742.3931629203944,0.6759295876922895,57407.922726729834,3987.647950417398,0.00025191370112532483,0.00033825686910923683,0.00025191370112532483,26.003955331768683,26.831654,13028.147054145906,3.6684480709502463,3023.132211760675,6805.024104374656,2589.1052958103787,0.26351077556561187,43350.00205901454,3011.286283423522,0.0001679706655682621,5.916879290228637e-05,0.0001679706655682621,25.982600700861195,26.831654,13347.831903725755,3.6684480709502463,1752.9528549069355,7799.381111445748,2680.7289401162934,0.142405915565611,25240.0011988356,1753.2547346542074,0.00014592350421873285,5.4366693629506446e-05,0.00014592350421873285,25.908421880835927,26.737087,13502.22302338355,3.6684480709502463,1280.1208724885769,8974.6639823166,2198.3039803870406,0.12193164796380129,18430.000875378,1280.3919684412797,0.0001189204811402585,3.155826484443686e-05,0.0001189204811402585,25.87383325031289,26.382458,0.7980324581823464,0.653372811732358,0.6495915064394896,0.642827606880205,0.6665618783027337,0.7980324581823464,-0.015687997618163085,False
Cell10,cyc_00358,9,358.0,3.87302935946735,3873.02935946735,25.91818466768347,26.776489,25.019102,0.36625951370647847,5573,3.0204844,4.2001715,OCV_wExpansion.csv,11906.62072988454,3.6691189329411964,3827.8606602990144,5674.303589053903,2454.7253483124405,0.6725641713718131,54982.09861150947,3818.6307746035486,0.00026171907039546007,0.00035855279134981786,0.00026171907039546007,25.928818095182365,26.776489,12124.674142104555,3.6691189329411964,2878.756769103465,6446.852982129462,2312.449792965008,0.26581459610859914,41260.001959744885,2866.011660599685,0.00017561041688956815,6.275306665372524e-05,0.00017561041688956815,25.83184142198676,26.658281,12531.05209712161,3.6691189329411964,1673.409079639747,7330.401378913809,2335.2931227137688,0.13900598959276067,24100.001144688602,1674.1240393517653,0.0001523519298096346,5.266794405660792e-05,0.0001523519298096346,25.66272112308407,26.54007,12742.632667632284,3.6723171717647265,1220.546478930478,8441.379717933081,1811.5840558070097,0.1374464309502268,17580.0008350051,1220.8080415900627,0.00012421225277531325,2.748037390199717e-05,0.00012421225277531325,25.557538352517984,26.193319,0.768157638181114,0.603360798508429,0.6045437857221025,0.6034917347914306,0.6290633142963952,0.768157638181114,-0.029874820001232316,False
Cell10,cyc_00399,10,399.0,3.77656634841709,3776.56634841709,26.756952419508618,27.74581,25.988422,0.40413861445061655,5454,3.0224538,4.200211,OCV_wExpansion.csv,11009.269915486673,3.6758393961991156,3749.5103629408973,5519.486710344939,2268.142196762355,0.6682829604815632,53844.972557498884,3739.602699966295,0.00026646331555985314,0.00036599760955627754,0.00026646331555985314,26.764340125942088,27.682766,11188.847402304,3.6758393961991156,2798.1918311950276,6236.841467533601,2106.218778159954,0.39008433837104306,40160.00190749763,2789.8216613945756,0.0001801149274103017,6.730730723404896e-05,0.0001801149274103017,26.636933083804905,27.674885,11379.273025964001,3.6769222582805634,1627.797869703627,7054.6885826842845,2108.6234397854096,0.14957102995475235,23440.0011133402,1628.2960576037185,0.00015585754190039733,4.899719659674965e-05,0.00015585754190039733,26.510433534872764,26.965626,11508.637064469345,3.6769222582805634,1173.315863554124,8095.679682554501,1617.9805536625624,0.14930580995475218,16890.0008022319,1173.4545097309838,0.00012878387389276717,2.6871694993638097e-05,0.00012878387389276717,26.55139340872483,26.965626,0.7490256379139131,0.5578880891477995,0.5578828830513772,0.5480223979502702,0.5681448695605088,0.7585916380475135,-0.019132000267200966,False
Cell10,cyc_00440,11,440.0,3.63567634836113,3635.67634836113,26.54530532381496,27.454226,25.602272,0.36674738704634824,5253,3.0246596,4.200211,OCV_wExpansion.csv,10096.474682649065,3.6777810471493413,3610.2259990043744,5250.236675973466,1989.140392470298,0.6636724169683079,52060.02647271841,3601.8115244847995,0.0002754237141610855,0.00038013893274777645,0.0002754237141610855,26.55066890271817,27.454226,10198.849493381489,3.6777810471493413,2671.134212036362,5883.766019506873,1811.5127747071365,0.4113406957466088,38360.00182200225,2664.838619984213,0.00018851155895620973,7.32483769687362e-05,0.00018851155895620973,26.470101189944135,27.454226,10482.24713813793,3.682867335475134,1559.4867598890105,6629.11472351604,1794.4398614987776,0.18702484950226328,22450.00106631781,1559.559872178312,0.00016258488432396574,4.455342491905702e-05,0.00016258488432396574,26.422232761347,26.973505,10609.3019138246,3.682867335475134,1101.1099030056625,7555.264602906249,1384.686676465977,0.14802414570135847,15850.0007528346,1101.1739522404034,0.00013703281215303925,2.5995795803894958e-05,0.00013703281215303925,26.44847445338078,26.973505,0.7210822066507926,0.5116327432311141,0.5085209722319665,0.5048218985028753,0.5237475487490197,0.7490256379139131,-0.02794343126312049,False
Cell11,cyc_00000,0,0.0,5.10012254828231,5100.12254828231,25.4300535954323,25.878096,24.467457,0.13322053619658225,7356,2.9944103,4.2001324,OCV_wExpansion.csv,19842.17930991252,3.635490262262464,5050.894131904091,7688.570303266721,4432.520309973485,0.7116761632640065,72696.62947503473,5044.753117772664,0.00020823075648165765,0.00025850724162490004,0.00020823075648165765,25.431917312578424,25.878096,20267.238037075807,3.635490262262464,3786.051516241783,8843.922531253875,4333.103147447321,0.22430992678733164,54520.00258956108,3786.8109274075264,0.0001386094593648396,5.6083406073137414e-05,0.0001386094593648396,25.455871491841993,25.878096,20752.523912404908,3.6367774217194766,2329.4186069168836,10824.823336378864,4564.182121167505,0.105632314570137,33550.001593539506,2330.2412214291608,0.00011374854263041458,5.618316667354568e-05,0.00011374854263041458,25.48420914801178,25.878096,20130.348193014208,3.6531965991855406,1413.493416681651,10960.010170457634,4293.488351528731,0.07431864253393794,20360.0009670481,1414.2406006629499,0.00011226737773090633,6.0369295920776474e-05,0.00011226737773090633,25.490652948098973,25.846573,1.0,1.0,1.0,1.0,1.0,0.9195984978419283,,True
Cell11,cyc_00039,1,39.0,4.69006503421016,4690.06503421016,25.375756132651553,26.012066,23.521776,0.1931896498753642,6747,3.0158763,4.2001715,OCV_wExpansion.csv,16200.925506632055,3.641020569321287,4643.571867738846,6856.211974980855,3450.85703954844,0.7049707396699523,66923.33720454389,4636.073434281694,0.0002207818924420149,0.0002829151982901421,0.0002207818924420149,25.379182868124587,26.012066,16470.008348923144,3.6419244095927805,3508.445930001988,7905.61718895214,3303.677386087609,0.25589751429864416,50540.0024005211,3510.436754738311,0.00014701386647148778,5.175289917981102e-05,0.00014701386647148778,25.39575714573991,26.012066,17131.61868008248,3.6419244095927805,2105.945054904171,9464.37786307569,3488.169849010743,0.12693461149321372,30340.001441072596,2107.264984429068,0.00012332633869653834,5.1301936006492185e-05,0.00012332633869653834,25.381426141194726,25.870213,16557.13374077302,3.6503003539366716,1389.7354507489308,10145.277519097472,3139.6178599207183,0.10591546986425415,20030.000951373997,1390.532158642113,0.0001110983371608719,4.37517155295934e-05,0.0001110983371608719,25.388877968768767,25.870213,0.9195984978419283,0.8164892199385875,0.8126419751321707,0.8255197658074729,0.8224961427402835,0.9115644765866567,-0.08040150215807174,False
Cell11,cyc_00080,2,80.0,4.60811604829538,4608.11604829538,25.356789783360917,25.775646,24.948177,0.11894778378543218,6647,3.0169396,4.200211,OCV_wExpansion.csv,16154.715682149304,3.6498537786425542,4573.781829448345,6842.674254916248,3513.647256607173,0.25867125610859887,65959.64714142149,4565.1707814737165,0.00022458498303086903,0.0002904596554070183,0.00022458498303086903,25.358608465926302,25.775646,16470.141796029857,3.650994018461559,3502.3370417101005,7930.613795270923,3357.489073415999,0.25106314398190177,50430.00239529651,3502.992468136159,0.00014756725518955875,5.361196489719149e-05,0.00014756725518955875,25.35410569187486,25.752005,16862.09919938452,3.652606548144817,2062.204337790743,9361.092840706631,3589.568767237333,0.12348929113122198,29700.001410674202,2062.567136611595,0.0001261413789103132,5.4294427246586084e-05,0.0001261413789103132,25.3421525812,25.69684,17054.786482113024,3.652658349140292,1455.447212508215,10507.33404784516,3258.4021531301214,0.10562396914027206,20960.000995546496,1455.868840898704,0.00010601102751243744,3.694922883076525e-05,0.00010601102751243744,25.337326214285714,25.688957,0.9035304553313852,0.8141603515335094,0.8126485595077265,0.8125324548743263,0.847217659555015,0.9035304553313852,-0.016068042510543057,False
Cell11,cyc_00099,3,99.0,4.47214983590282,4472.14983590282,25.353870308741474,25.767763,24.908773,0.11919547085400917,6452,3.0163488,4.2001715,OCV_wExpansion.csv,15422.284275789705,3.6544450227149525,4443.737069402496,6621.878724735227,3304.172799313662,0.6905235623601067,63962.69704009706,4436.423760367283,0.00023038276142248513,0.00029910018073947125,0.00023038276142248513,25.353314693278033,25.767763,15599.062392707485,3.6544450227149525,3395.545701680456,7640.678877274955,3133.073351931659,0.2521348169230784,48850.00232025052,3393.2457056528197,0.00015197275982635301,5.4314039878430286e-05,0.00015197275982635301,25.3615768313253,25.767763,16011.5940091133,3.6544450227149525,1987.9890921735878,8938.817486376376,3319.0147774096645,0.12315128325791935,28630.001359851998,1988.6911032233495,0.00013064716275499797,5.4426296033371695e-05,0.00013064716275499797,25.37176261113402,25.767763,16386.306961960687,3.6546422241629157,1422.869488328222,10113.243834589157,2928.977883064412,0.10771127882352927,20490.000973222803,1422.9958876161738,0.00010820341575830615,3.3636994533478325e-05,0.00010820341575830615,25.38226896847115,25.736242,0.8768710542865313,0.7772475006354379,0.7696688796061599,0.771549237899796,0.8140101107464794,0.8768710542865313,-0.02665940104485387,False
Cell11,cyc_00138,4,138.0,4.34158682874872,4341.58682874872,25.344096463601534,25.775646,24.790564,0.12660000740958852,6264,3.0170972,4.2001715,OCV_wExpansion.csv,14227.652100933543,3.6564544008145,4313.28405537017,6423.317337567439,3060.314514908666,0.6852658240515543,62106.88694991872,4303.957224124894,0.00023554288619224837,0.00030925950339832226,0.00023554288619224837,25.342974851995763,25.775646,14554.866816756632,3.6564544008145,3291.4364492467835,7387.811458306094,2876.563490746897,0.27265909257918697,47220.00224282965,3280.0079054791318,0.00015528737753906364,5.386190628377036e-05,0.00015528737753906364,25.357321367660983,25.775646,14925.684013189351,3.6564544008145,1921.1931654773216,8568.46962836266,3008.471060737395,0.1491441145701371,27670.001314254496,1922.2213341529105,0.00013401787524739637,5.271220255646335e-05,0.00013401787524739637,25.369747265944145,25.728361,15355.594810103063,3.6564544008145,1388.3938686176994,9771.917838219082,2549.9017181539225,0.1377909198190057,20000.000949949,1388.8232925750851,0.00011004346670993654,3.058716994068155e-05,0.00011004346670993654,25.38104233629893,25.728361,0.8512710797921786,0.7170407987305034,0.7181475241042086,0.7192225907648496,0.7628082069356298,0.8512710797921786,-0.025599974494352695,False
Cell11,cyc_00179,5,179.0,4.26334213828615,4263.342138286151,25.44839582119636,25.925379,24.995462,0.11884999998394838,6152,3.0177667,4.2002501,OCV_wExpansion.csv,13650.110392688905,3.660520263529432,4233.872955222826,6313.131811390945,2970.640689409243,0.6815060563800941,60792.15888747248,4224.12934924185,0.00023974924804674039,0.0003181195859702216,0.00023974924804674039,25.44702434627774,25.925379,13866.195532008587,3.662763190226265,3228.3394167808474,7253.209868004366,2791.683722529506,0.2730907187330329,46210.00219485725,3209.954601580304,0.00015801118172380663,5.511319515171989e-05,0.00015801118172380663,25.462155919797684,25.925379,14292.761765791078,3.662763190226265,1880.1969606749426,8347.600229253007,2853.9064871912287,0.13947206027149406,27080.001286230996,1880.7439538739407,0.00013644590549288202,5.198770757401314e-05,0.00013644590549288202,25.46440116434305,25.925379,14525.874560997536,3.662763190226265,1370.1288526976502,9568.961715564048,2347.6810869147057,0.1314527995475121,19730.000937124703,1370.4353134742337,0.00011136188385645915,2.879631192373162e-05,0.00011136188385645915,25.46500220595238,25.925379,0.8359293522705681,0.6879340308082865,0.6841679910524812,0.6887240234546854,0.7215908250428783,0.8359293522705681,-0.01534172752161056,False
Cell11,cyc_00213,6,213.0,4.19778495579456,4197.78495579456,25.446210874236673,25.885975,24.932417,0.12827231127247754,6059,3.0184364,4.2001715,OCV_wExpansion.csv,13620.223946530814,3.5334879020814673,4171.381971105582,6212.806769121678,2901.882905322958,0.6767306518368699,60080.33485366268,4165.460512335592,0.00024371429394610519,0.00032479944047736104,0.00024371429394610519,25.445593813114755,25.885975,13766.101820915277,3.5334879020814673,3164.8197701847753,7120.37644735262,2729.358524891279,0.2621139775565626,45370.002154959366,3151.6611944802007,0.00016132981977066537,5.843884771541514e-05,0.00016132981977066537,25.454739169662645,25.846573,14425.204911601746,3.6672348434389344,1849.3834035043242,8136.960436596099,2740.527412928569,0.1342433622624437,26630.0012648571,1849.874062709417,0.00013899822320122553,5.0885672786337165e-05,0.00013899822320122553,25.46483674264706,25.846573,14660.965040596344,3.6672348434389344,1350.6871768225287,9386.739825871404,2225.0448905027265,0.13020472968325825,19450.000923825402,1351.3770843018,0.00011293726602690095,2.7832660505162582e-05,0.00011293726602690095,25.476479917892156,25.846573,0.8230753116331192,0.6864278229622985,0.6792292958582863,0.6951060493889623,0.7283016120746539,0.8230753116331192,-0.012854040637448882,False
Cell11,cyc_00254,7,254.0,4.09787897238949,4097.878972389491,25.250311403212173,25.712599,24.648712,0.13182115856877102,5915,3.019815,4.200211,OCV_wExpansion.csv,12888.311984407654,3.6718954591855404,4071.735716379558,6067.513739718361,2757.770262057904,0.6717942573917073,58423.36277496069,4063.0283766798116,0.00024911080937335445,0.00033579921779936596,0.00024911080937335445,25.24761504447339,25.712599,13009.054944818135,3.6718954591855404,3068.5072980869645,6928.9198582731515,2593.7738510342615,0.2740197482352955,44050.00209226275,3059.804268559912,0.0001659403604284909,6.447165514532078e-05,0.0001659403604284909,25.27745648047367,25.712599,13246.280941806815,3.675208049049794,1806.9810053965018,7867.291505359635,2529.218857392151,0.15259096452488796,26020.0012358837,1807.4209754147228,0.00014184137113342613,4.810114354424794e-05,0.00014184137113342613,25.29266102525033,25.712599,13392.825536367141,3.676660374479658,1313.3477952668477,9098.95620209016,1992.5210488208318,0.1421314001809959,18910.0008981769,1313.649120416138,0.00011551179912284035,2.6280585619763687e-05,0.00011551179912284035,25.291591422429907,25.712599,0.8034863738263762,0.6495411508537806,0.6418760622942338,0.6382973462754955,0.6653052102205974,0.8034863738263762,-0.01958893780674298,False
Cell11,cyc_00295,8,295.0,3.98030818484279,3980.30818484279,25.1800912080794,25.744123,24.688114,0.12559644266102032,5743,3.0201299,4.200211,OCV_wExpansion.csv,11997.927148916397,3.5384457352941374,3951.3080344501877,5893.42454367239,2584.8017972934736,0.6685005776664337,56715.31069383261,3941.8452669453422,0.0002544114770027544,0.0003445061351955382,0.0002544114770027544,25.179306084549765,25.625914,12079.673867297382,3.5385165392760376,2959.2298698493278,6701.0545994129025,2431.479058200089,0.2884573847058842,42490.00201816667,2951.321184430596,0.00017128940086835376,7.03095138608852e-05,0.00017128940086835376,25.193481214727086,25.625914,12480.698678790848,3.6747465285973053,1749.2912729135453,7539.785073734926,2259.1081334348187,0.17706012126696935,25190.001196460704,1749.6792721806364,0.000145579612507428,4.49410481131814e-05,0.000145579612507428,25.18941194009835,25.523464,12645.429596809518,3.6747465285973053,1254.3652105253666,8642.856784482356,1785.938170949547,0.14580707031674311,18060.000857803905,1254.4284492041716,0.00012087680754985629,2.5604542518075552e-05,0.00012087680754985629,25.1882182474359,25.523464,0.7804338321602357,0.6046678120141075,0.5960197361475437,0.6014063027452029,0.6281773904535757,0.7804338321602357,-0.02305254166614057,False
Cell11,cyc_00336,9,336.0,3.89492313256506,3894.9231325650603,25.094667561253562,25.665316,24.554144,0.13133484800117326,5616,3.0210752,4.200211,OCV_wExpansion.csv,11592.106867306624,3.5405440907692505,3865.1915298208132,5735.347574181706,2436.1185876379254,0.6648210562281678,55779.51664938478,3856.8313529182756,0.0002604944375042527,0.0003566144881228804,0.0002604944375042527,25.092595375024164,25.515585,11642.912304817582,3.543421917828074,2876.472881019792,6497.423892799332,2280.257191888894,0.2898779708597301,41330.00196306965,2870.7923071399637,0.0001763418709000629,7.71269657516524e-05,0.0001763418709000629,25.09104682241015,25.515585,11826.089230641423,3.6840576516742285,1703.6688090450125,7277.071784257399,2055.9274873132754,0.16725370597285139,24540.0011655875,1704.4469003289041,0.00014920112754683365,4.316198533840297e-05,0.00014920112754683365,25.087524705052342,25.444658,12232.87101452245,3.6841372756561297,1207.1455685605565,8293.621146671723,1650.425400414339,0.14100313058823577,17380.0008255057,1207.221725425641,0.00012568825390862082,2.649041627770588e-05,0.00012568825390862082,25.085393665346533,25.444658,0.7636920673360773,0.5842154073023409,0.5744696087112935,0.5698626962464227,0.6076830314722325,0.7636920673360773,-0.016741764824158345,False
Cell11,cyc_00377,10,377.0,3.82662932868355,3826.6293286835503,25.17431279746377,25.562866,24.727518,0.11799931866321932,5520,3.021666,4.2001715,OCV_wExpansion.csv,11284.324598922149,3.545745489411785,3796.9124103971753,5640.992115336946,2350.0664269991507,0.6615276882015184,54505.702588881795,3787.5351596880228,0.00026355508414001305,0.00036039111967735695,0.00026355508414001305,25.172449046684974,25.562866,11397.602258644829,3.545830715475133,2817.5961286374577,6380.583940556061,2203.319082643738,0.4004208550226265,40480.00192269682,2811.758894516648,0.0001795016095284912,8.11631029424838e-05,0.0001795016095284912,25.18268847367007,25.562866,11529.883958974782,3.6863316168325992,1667.9714710248668,7107.541153756499,1947.2888828961295,0.18857650778280677,24020.0011408887,1668.3858568379671,0.00015193759962968143,4.2383047143416264e-05,0.00015193759962968143,25.189149680018414,25.562866,11725.797343157423,3.6863316168325992,1170.9346702764856,8074.953460143602,1576.362361748751,0.13884395303167496,16860.000800807,1171.107730825959,0.00012899106436859743,2.7292633619798806e-05,0.00012899106436859743,25.193699018880647,25.562866,0.7503014471627423,0.5687038919804973,0.5623658358279832,0.5555894795082128,0.5824935182803544,0.7503014471627423,-0.013390620173335033,False
Cell11,cyc_00418,11,418.0,3.79081413287401,3790.8141328740103,25.22645695560833,25.681078,24.648712,0.14832590142246452,5474,3.0221388,4.2001715,OCV_wExpansion.csv,11075.498244108187,3.544819335746626,3764.254281655504,5598.173128084119,2317.7001567653515,0.6597686365556825,54169.746572924814,3755.1344230619775,0.0002655090265666833,0.00036274446502772176,0.0002655090265666833,25.222927663245162,25.681078,11188.717630722656,3.544819335746626,2785.3878188607523,6324.373169955641,2175.760548617186,0.299390153936653,40050.00190227289,2781.854450123346,0.00018176531861729053,8.71496026714833e-05,0.00018176531861729053,25.261966007573708,25.681078,11204.729896561788,3.691021679457034,1648.4623223497374,7024.5781735881565,1900.6940272858906,0.20515621520362037,23740.0011275895,1648.9211176888648,0.00015346833882889412,4.234433507739534e-05,0.00015346833882889412,25.289914381792848,25.681078,11376.797209447639,3.691084653122193,1152.0053887537642,7959.154709209936,1560.6946852250428,0.13723775185520415,16590.0007879827,1152.2780829416083,0.00013106874997793598,2.8652691366477173e-05,0.00013106874997793598,25.30730235310157,25.681078,0.7432790284913317,0.5581795261055433,0.5520593190968899,0.539921309998545,0.5651565040189273,0.7432790284913317,-0.007022418671410624,False
Cell11,cyc_00459,12,459.0,3.74809175588041,3748.09175588041,25.144740258958258,25.602272,24.625069,0.1384143442134738,5414,3.0231235,4.200211,OCV_wExpansion.csv,10929.886470299318,3.5507416150226443,3720.9461816520047,5537.458126774788,2266.6027071565923,0.6565233377957158,53387.62653577604,3711.9177354468457,0.0002688338529030237,0.000370739491358856,0.0002688338529030237,25.14248481241269,25.602272,11049.482083238305,3.5507416150226443,2746.1681186673613,6246.556571888952,2132.8649242923884,0.2946344532126721,39490.001875674396,2742.8304712689546,0.00018469080126973795,9.416264476496827e-05,0.00018469080126973795,25.16134967863998,25.58651,11126.515640962729,3.6950392643439116,1628.9707384207413,6925.522612093874,1852.2124019142925,0.19365695366515912,23460.00111429016,1629.4776913525868,0.0001554058623416188,4.245728987370196e-05,0.0001554058623416188,25.153504208195947,25.539225,11393.31142211636,3.6950392643439116,1132.3935727317712,7831.627436740254,1547.0754154626293,0.1343589768325799,16300.0007742085,1132.464383632122,0.00013338439273414868,2.993814408709155e-05,0.00013338439273414868,25.168199196801112,25.539225,0.7349022931111222,0.5508410290818758,0.5451893377393097,0.5361524067109643,0.5659768680042085,0.7349022931111222,-0.008376735380209444,False
Cell11,cyc_00500,13,500.0,3.69859035526481,3698.5903552648097,25.24122219011976,25.712599,24.648712,0.13321975465392435,5344,3.023596,4.2001715,OCV_wExpansion.csv,10904.78738354329,3.5522300559276214,3673.798770078106,5470.4226224017,2213.1080234611604,0.6540248018286112,53073.03452083379,3671.8035806131975,0.0002731364636752865,0.00038164276382429354,0.0002731364636752865,25.24182636016949,25.712599,10980.303699262118,3.5522300559276214,2701.0792589593248,6153.807946858229,2072.5718659325835,0.29103000733031825,38840.00184480096,2697.4595804806113,0.0001874165923581757,9.787201857865237e-05,0.0001874165923581757,25.25873744830461,25.688957,10842.108423705979,3.692318024705903,1600.8108765812115,6792.410680147753,1770.5626966999648,0.2040797230769238,23050.00109481628,1600.8480452307108,0.00015791007049845143,4.223661047409958e-05,0.00015791007049845143,25.269068601895736,25.681078,10983.864907644587,3.692318024705903,1106.2206434931277,7633.497911793525,1499.7484746328726,0.13301722235294156,15930.0007566344,1106.2079168348741,0.00013686100942140206,3.0945479197517465e-05,0.00013686100942140206,25.273314071229052,25.681078,0.7251963693520408,0.5495760930905208,0.5417760268653941,0.5224477017576191,0.5456371048492988,0.7300493312315814,-0.009705923759081414,False
Cell11,cyc_00541,14,541.0,3.65315711243407,3653.15711243407,25.324720484842747,25.885975,24.766922,0.13840983810969287,5278,3.023596,4.2001715,OCV_wExpansion.csv,10431.676011362935,3.5516890518552238,3628.808479429681,5381.884995054727,2134.507608214106,0.6536488269991931,52420.36848983383,3622.244669427668,0.0002756098470882358,0.0003819960863523767,0.0002756098470882358,25.32327620134228,25.759884,10529.148537810022,3.5519298081448163,2657.3541827272657,6044.586365681634,1999.929563523194,0.2986957855203629,38230.001815827534,2655.0226577270564,0.00019032114022836532,0.00010010276584866754,0.00019032114022836532,25.347010403710996,25.759884,10206.843566833204,3.696730417647079,1571.403763483469,6640.585386197794,1680.2647923974555,0.20562046162896053,22630.00107486733,1571.518147569979,0.00016097228246870484,4.221252007486003e-05,0.00016097228246870484,25.347586327852998,25.759884,10349.028099338535,3.696730417647079,1079.7246102425734,7456.39814068742,1418.888548682441,0.13428593592760274,15550.0007385854,1079.647888843959,0.00013985853984718928,3.128294252562878e-05,0.00013985853984718928,25.341731712842712,25.759884,0.716288104422987,0.5257323728624709,0.5195157089756659,0.49183625133577225,0.51410079945512,0.7251963693520408,-0.008908264929053833,False
Cell12,cyc_00000,0,0.0,5.0305336814529,5030.533681452899,25.460251610136723,26.193319,24.420172,0.24920837256121323,7241,3.0683401,4.2000141,OCV_wExpansion.csv,18792.311302445305,3.63425782280545,5001.283134814861,7551.552461996778,4304.33947990522,0.2462021295022634,71889.9334460928,4995.527342117445,0.00021013120949819105,0.00025884451031561083,0.00021013120949819105,25.462360389495334,26.193319,19126.33479441946,3.635740776923097,3725.7314332356955,8674.589521700307,4223.911958705311,0.23129105683258055,53640.0025477633,3727.3383832968066,0.000140795647624772,5.578348109467288e-05,0.000140795647624772,25.37491336844406,25.996304,19757.12564328918,3.635740776923097,2304.741308728172,10670.500279951806,4431.730758192021,0.10964882452488744,33180.0015759655,2305.7949806991355,0.00011468056894146816,5.492673347914413e-05,0.00011468056894146816,25.386425447733235,25.917496,19246.407936760566,3.650878651040744,1386.474241483004,10710.344915616373,4154.205139773581,0.07719849565610915,19940.000947099197,1386.6380113654045,0.00011372543851020402,5.7911149396050776e-05,0.00011372543851020402,25.381172045962735,25.728361,1.0,1.0,1.0,1.0,1.0,0.9667044640353875,,False
Cell12,cyc_00009,1,9.0,4.86303936634089,4863.0393663408895,25.83130320519777,27.446346,24.538383,0.7736320204246097,7003,3.1707861,4.2000141,OCV_wExpansion.csv,18475.360933734053,3.635304141085993,4861.384820469904,7331.393161071368,4129.97203486684,0.2453572493212679,69893.16525581639,4855.305805729682,0.00021427284194678125,0.0002632842272514341,0.00021427284194678125,25.794238341623878,27.446346,18790.622573085908,3.6364659726697033,3620.1626188560717,8419.112236198029,4051.6143552459694,0.23158614678733125,52140.00370488971,3622.2735225619126,0.00014418514629451005,5.6074308582259665e-05,0.00014418514629451005,25.96837941101039,27.446346,19236.805482814332,3.636571689321287,2213.7850740591043,10264.815878614118,4294.426948654675,0.11133703429864372,31900.002078223,2215.801390912896,0.00011908576945582069,5.60679909303357e-05,0.00011908576945582069,25.968132358390278,27.343899,18846.751091593993,3.6522390188235496,1359.9775386142485,10403.556225623697,3967.0549022437835,0.08161585303167485,19590.001229023997,1360.7878080009257,0.00011586196118443275,5.712319798027327e-05,0.00011586196118443275,25.762223451773494,26.492786,0.9667044640353875,0.9831340401076685,0.9824476448341004,0.973664177174903,0.9792347306323467,0.9582624436305008,-0.033295535964612544,False
Cell12,cyc_00018,2,18.0,4.7781036303683,4778.1036303683,25.113957807412792,25.539225,24.491098,0.14131082200946501,6880,3.1833901,4.2000141,OCV_wExpansion.csv,18163.94816512015,3.636802010316762,4780.152689197896,7226.045760276623,4061.743019792279,0.24863068660633703,68700.0053907323,4772.2096063320605,0.00021751798327457369,0.0002675879087881215,0.00021751798327457369,25.109664919895376,25.539225,18629.290237515637,3.636802010316762,3583.772438961498,8334.434034359996,3980.8641398137706,0.23866652298642688,51620.003875993,3585.003334694717,0.0001455514059380498,5.680438537572452e-05,0.0001455514059380498,25.148729741205468,25.539225,19090.32566917447,3.6411057570135954,2164.4911923131594,10090.604035906323,4247.553862765321,0.11424396199095055,31180.002242509,2165.388056430875,0.00012152357536000157,5.7586641146638094e-05,0.00012152357536000157,25.15340933854574,25.539225,19093.86025982669,3.6508350634389344,1364.9522439479392,10422.488772527666,3909.7188716715536,0.08410803800904976,19670.001450288008,1365.602901503958,0.0001148214665462555,5.5767115296273197e-05,0.0001148214665462555,25.158489316551293,25.539225,0.9498204232256142,0.9665627539256765,0.9740125558688407,0.9662501526713123,0.9920739663507543,0.9498204232256142,-0.016884040809773238,False
Cell12,cyc_00026,3,26.0,4.70144300202816,4701.44300202816,25.118171750221567,25.562866,24.530502,0.12083728444863145,6770,3.1951275,4.2000141,OCV_wExpansion.csv,17587.279665081947,3.6415618647964,4706.3611725549745,7087.292905708723,3920.396412722052,0.2493724194570146,67651.5307147221,4699.309798137042,0.00022076123447175677,0.00027456679222500414,0.00022076123447175677,25.116720635776932,25.562866,17940.642988143554,3.6415618647964,3551.868823480613,8208.939947050874,3832.054304247531,0.23939775864253532,51170.0032316186,3553.7826424759633,0.00014681695329165625,5.6734689597763654e-05,0.00014681695329165625,25.133689682657657,25.562866,18754.591859306074,3.6415618647964,2122.5222674920165,9839.945650014719,4107.842377016036,0.10578746886877877,30570.001592247994,2123.5023396318484,0.00012399961775870304,5.792522403263412e-05,0.00012399961775870304,25.14115272068146,25.562866,18166.002426045034,3.650555296108618,1367.880139396374,10294.835603779065,3757.7456542005975,0.08945464235294143,19710.000991242996,1368.9112319745627,0.00011474794253827257,5.32137616761096e-05,0.00011474794253827257,25.147957063432838,25.48406,0.934581358507137,0.9358763476206061,0.9380073694714443,0.9492571033821597,0.9438645634933279,0.934581358507137,-0.015239064718477247,False
Cell12,cyc_00039,4,39.0,4.59977312515306,4599.77312515306,25.088839493808518,25.499823,24.459576,0.12564867381218442,6622,3.2121823,4.2000532,OCV_wExpansion.csv,17016.187790691267,3.632022796561106,4606.007009502652,6953.642453165605,3775.237876224003,0.24967706398190215,66191.918553166,4597.591163441438,0.00022176427350534343,0.0002722083203953977,0.00022176427350534343,25.088627552755376,25.499823,17289.67529177813,3.6468029205430064,3509.637133394966,8076.58830161679,3679.2597970958227,0.24758473131221903,50550.0031133474,3510.975675467255,0.0001482452058146656,5.665455129377201e-05,0.0001482452058146656,25.107794620642824,25.499823,17872.007364217876,3.6476180117647257,2069.5617851071843,9565.983514328755,3945.6002773966634,0.11102972452488702,29800.001498685,2070.162635794622,0.00012680429293964663,5.814693897262837e-05,0.00012680429293964663,25.108665097834805,25.48406,18147.366158536635,3.6509500901357668,1374.9277872392186,10257.675643285427,3667.7009307634416,0.08659255918552056,19810.000996272996,1375.3158218086849,0.00011379852945587389,4.9937698499282665e-05,0.00011379852945587389,25.109123023227387,25.468302,0.9143708036608497,0.9054866917023174,0.9039722182852714,0.9045853980428771,0.9428962650155219,0.9143708036608497,-0.02021055484628731,False
Cell12,cyc_00048,5,48.0,4.54214074554047,4542.14074554047,25.027180960220317,25.452538,24.365009,0.17092800222579888,6536,3.2118671,4.2000141,OCV_wExpansion.csv,16944.431930920415,3.6472048345701564,4545.089400995126,6893.167310372004,3738.4902750170177,0.24363032488687875,65330.26677597259,4537.66126784513,0.00022441077379433316,0.00027775344982879975,0.00022441077379433316,25.019020966728906,25.452538,17412.17461909505,3.6472048345701564,3479.1366375405432,8020.707713105267,3637.8574715887726,0.23575026217194672,50110.0033585287,3480.634745718542,0.00014920100922449826,5.7230784884408734e-05,0.00014920100922449826,25.081299828252956,25.452538,18082.688510792126,3.6482326866968524,2037.7323894192868,9447.415859235463,3905.15675156419,0.1013347285972861,29350.001715973995,2038.6880974185776,0.00012840673413404803,5.897735097722133e-05,0.00012840673413404803,25.10457753936213,25.452538,18458.727016731147,3.650525720181016,1374.946625974917,10275.895922866297,3650.474535670989,0.08018967511312258,19790.00105477299,1375.2934525210849,0.00011302273401242153,4.833650648342919e-05,0.00011302273401242153,25.110080826829268,25.452538,0.9029142896482161,0.9016683290423972,0.9103769648628887,0.9152489505442912,0.9590738738045268,0.9029142896482161,-0.01145651401263359,False
Cell12,cyc_00062,6,62.0,4.44491531683162,4444.91531683162,24.95784945276822,25.421017,24.388651,0.15361823829406823,6394,3.2252195,4.2000141,OCV_wExpansion.csv,16314.435757934947,3.638714498099568,4446.088132802775,6764.25847736087,3593.634954379678,0.2453172973755673,63910.0043271764,4438.535373944023,0.00022539561474314596,0.0002747075873563722,0.00022539561474314596,24.952218414465733,25.421017,16700.929713525493,3.638714498099568,3409.468750677855,7829.507816892286,3489.2433384369037,0.23767748380090659,49110.00293196201,3410.956329293342,0.0001519265005209034,5.7401365425297865e-05,0.0001519265005209034,25.003527940676015,25.421017,17297.964341182174,3.651659313303188,1988.6529054843606,9187.577234284814,3727.5368579851556,0.10808007203620029,28650.001440849097,1989.8928329929035,0.00013111032171690497,5.9222580134878657e-05,0.00013111032171690497,25.01148208964955,25.421017,17648.28307074272,3.651705107963821,1374.080157297208,10144.161671049713,3505.5384346173378,0.08976219040724054,19800.000995771,1374.8035057045784,0.00011332857485355221,4.611618583983e-05,0.00011332857485355221,25.018286891041164,25.421017,0.8835872291680703,0.8681441838296958,0.8731902841310906,0.8755304113307445,0.9169650320585051,0.8835872291680703,-0.019327060480145763,False
Cell12,cyc_00096,7,96.0,4.24367153809716,4243.67153809716,25.15169578043585,25.610151,24.75116,0.11423499744026318,6103,3.0183971,4.200211,OCV_wExpansion.csv,14813.57517277493,3.64465304361993,4200.40854105898,6372.029557878444,3198.369970287749,0.6857662660504027,60617.2129064864,4190.695336254904,0.0002416830727423188,0.00032818403879136983,0.0002416830727423188,25.150358806871612,25.610151,15085.071916587667,3.64465304361993,3203.5909847561243,7310.678744457929,3088.937231289806,0.24716460018099662,45930.002181557895,3190.0409614507903,0.0001600215557562921,5.794382683392996e-05,0.0001600215557562921,25.14404259138223,25.610151,15582.727890282138,3.64465304361993,1855.9277190412874,8469.164698888782,3287.918335554886,0.12367603891402812,26730.001269606902,1856.5168106888848,0.0001395603063314954,5.9181049211552884e-05,0.0001395603063314954,25.148716466036113,25.610151,15831.70861647642,3.6565069009954954,1334.9676559000045,9611.554918448639,2934.3060469987317,0.11132124298642543,19220.000912901,1335.0999686551108,0.00011555206888060343,3.9949728264896454e-05,0.00011555206888060343,25.150327971534654,25.610151,0.8435827701031352,0.7882785110550691,0.7887068839236818,0.788714318652676,0.822579915613132,0.8435827701031352,-0.040004459064935105,False
Cell12,cyc_00134,8,134.0,4.02902953870925,4029.02953870925,25.23199924115425,25.618034,24.782684,0.12021113898244958,5822,3.0223751,4.200211,OCV_wExpansion.csv,13651.433250277769,3.655336822171966,3998.9761073086975,6074.864968822153,2895.6427626715767,0.672197059046884,57593.41473554031,3989.47756493138,0.00025215916960494837,0.0003517798290397717,0.00025215916960494837,25.232281334961485,25.618034,13925.305194808212,3.668723271402736,3027.1136627988817,6933.22657631271,2801.6767047800754,0.23970133719457198,43380.00206043938,3012.8235171668744,0.0001677601941974324,6.420821814995076e-05,0.0001677601941974324,25.23877544154197,25.618034,14408.524339920006,3.668723271402736,1745.745858137628,7927.639368664429,3018.514443268438,0.11515560262443492,25140.001194085897,1746.3115522813437,0.00014797646382339738,6.0732192200500646e-05,0.00014797646382339738,25.229243831842574,25.602272,14698.522016749748,3.668723271402736,1304.4350786693653,9254.995191463495,2487.392490434468,0.1130910262443443,18790.000892477103,1304.673715125832,0.00011714941128231353,3.535312105974768e-05,0.00011714941128231353,25.226843754822653,25.602272,0.8009149314642102,0.7264371598879064,0.7280697187665686,0.7292824168891232,0.7637020926214303,0.8222488507836727,-0.04266783863892498,False
Cell12,cyc_00183,9,183.0,3.50869720467423,3508.6972046742303,25.2230254759739,25.610151,24.74328,0.13168114151758328,5057,3.0280862,4.2001715,OCV_wExpansion.csv,9833.858742598091,3.548761145158391,3472.612935529671,5126.547323562235,1942.6410449897242,0.6613723939944522,50073.1423783465,3462.084303833721,0.0002847337571652444,0.0004144699200922088,0.0002847337571652444,25.223501502324602,25.610151,9935.104368172711,3.548835157828074,2535.662638365702,5690.066599927188,1853.325771333027,0.4464022485067902,36410.001729382195,2528.665302481772,0.0001981897561738724,8.721729883184425e-05,0.0001981897561738724,25.225235627743636,25.610151,10167.081216029956,3.680234048778301,1456.9831002277588,6347.310502452018,1924.7178033869818,0.14881759981900533,20980.0009964965,1457.1667284090877,0.00017436197409429437,5.748709156252425e-05,0.00017436197409429437,25.230580250000003,25.602272,10282.813234463645,3.6829908221719663,1059.8953909683014,7303.265939398752,1424.287883533332,0.1422071069683266,15260.000724811103,1059.899714150772,0.00014269537627345706,3.0507540618901355e-05,0.00014269537627345706,25.24581184788937,25.602272,0.6974801138118732,0.5232916049724274,0.5194463275353468,0.514603257558539,0.5342718115635235,0.8009149314642102,-0.10343481765233697,True
