dataset,test_cell,deployment_model,expert_window,expert_model,expert_inner_rmse,expert_rank_score,expert_weight,expert_model_size_kb,n_features
Dataset 2,Cell1,MAW-GME-full-40experts,narrow_375_395,Ridge,0.004273322351673966,0.004373645919200629,0.05061640432116698,2.234375,17
Dataset 2,Cell1,MAW-GME-full-40experts,medium_37_40,Ridge,0.004743838950111873,0.004854403193228719,0.045603603887019555,2.20703125,17
Dataset 2,Cell1,MAW-GME-full-40experts,full_36_42,Ridge,0.00491481866736992,0.0050285262333058375,0.04402448865768367,2.1796875,17
Dataset 2,Cell1,MAW-GME-full-40experts,full_36_42,ElasticNet,0.00556902161902252,0.005700734954397622,0.03883329953169542,2.2626953125,17
Dataset 2,Cell1,MAW-GME-full-40experts,narrow_375_395,ElasticNet,0.005634633500897416,0.0057697718644783074,0.03836864920853309,2.3173828125,17
Dataset 2,Cell1,MAW-GME-full-40experts,medium_37_40,ElasticNet,0.006216730462212161,0.006364800478461096,0.03478166979473831,2.2900390625,17
Dataset 2,Cell1,MAW-GME-full-40experts,very_narrow_38_39,Ridge,0.006923815077111372,0.007088108503825529,0.031232369527744757,2.275390625,17
Dataset 2,Cell1,MAW-GME-full-40experts,full_36_42,ExtraTrees,0.006229798980252117,0.007497970882168405,0.02952511347346912,30685.6376953125,17
Dataset 2,Cell1,MAW-GME-full-40experts,very_narrow_38_39,ElasticNet,0.0075867161440759945,0.0077705368448915,0.02848946680161418,2.3583984375,17
Dataset 2,Cell1,MAW-GME-full-40experts,medium_37_40,ExtraTrees,0.00685261995702193,0.008247575376364294,0.026841642282642554,30683.6962890625,17
Dataset 2,Cell1,MAW-GME-full-40experts,full_36_42,RandomForest,0.007132503328112272,0.008401906947496169,0.02634859851047405,8516.1943359375,17
Dataset 2,Cell1,MAW-GME-full-40experts,very_narrow_38_39,XGBoost,0.007972675152320322,0.009007889075599568,0.02457606757246991,667.4794921875,17
Dataset 2,Cell1,MAW-GME-full-40experts,medium_37_40,RandomForest,0.007764462400988465,0.009146369862847694,0.024203973559764082,8526.91796875,17
Dataset 2,Cell1,MAW-GME-full-40experts,medium_37_40,XGBoost,0.00813123817781382,0.00918614161805383,0.024099181634760054,665.57421875,17
Dataset 2,Cell1,MAW-GME-full-40experts,narrow_375_395,ExtraTrees,0.007685586805340546,0.00925010644263208,0.023932535091950896,30683.8642578125,17
Dataset 2,Cell1,MAW-GME-full-40experts,full_36_42,XGBoost,0.008209655776089352,0.00927345591114237,0.023872275855560163,655.78125,17
Dataset 2,Cell1,MAW-GME-full-40experts,narrow_375_395,XGBoost,0.008605757654912007,0.009722420953315512,0.022769895454225916,661.083984375,17
Dataset 2,Cell1,MAW-GME-full-40experts,narrow_375_395,RandomForest,0.00830173511798805,0.009779265315869447,0.022637540023919663,8516.3896484375,17
Dataset 2,Cell1,MAW-GME-full-40experts,very_narrow_38_39,LightGBM,0.008784355276299772,0.009972243174455678,0.022199470119249946,887.626953125,17
Dataset 2,Cell1,MAW-GME-full-40experts,very_narrow_38_39,HistGB,0.008825502767857683,0.009991700450653817,0.02215624016140681,847.3994140625,17
Dataset 2,Cell1,MAW-GME-full-40experts,very_narrow_38_39,ExtraTrees,0.008308725821320782,0.01000008791218029,0.02213765688216724,30684.1865234375,17
Dataset 2,Cell1,MAW-GME-full-40experts,narrow_375_395,LightGBM,0.008854038511107646,0.010052166880039364,0.022022964678179966,889.6943359375,17
Dataset 2,Cell1,MAW-GME-full-40experts,medium_37_40,LightGBM,0.00894029272476137,0.010150163048162257,0.021810341096401897,889.029296875,17
Dataset 2,Cell1,MAW-GME-full-40experts,narrow_375_395,HistGB,0.009096467736799493,0.010298220062690882,0.021496775175954743,849.3896484375,17
Dataset 2,Cell1,MAW-GME-full-40experts,medium_37_40,HistGB,0.009126421394172872,0.010332518492712772,0.02142541745943949,846.3388671875,17
Dataset 2,Cell1,MAW-GME-full-40experts,very_narrow_38_39,RandomForest,0.008790203459879003,0.010354788633625205,0.021379337657908636,8517.9775390625,17
Dataset 2,Cell1,MAW-GME-full-40experts,full_36_42,HistGB,0.009411073848909199,0.010654811504659894,0.020777329425096806,851.5537109375,17
Dataset 2,Cell1,MAW-GME-full-40experts,full_36_42,LightGBM,0.00943528524305845,0.010711322829103902,0.020667711469707407,882.455078125,17
Dataset 2,Cell1,MAW-GME-full-40experts,full_36_42,SVR-RBF,0.010196645538783645,0.010817605132268303,0.020464652667071193,21.94921875,17
Dataset 2,Cell1,MAW-GME-full-40experts,full_36_42,CatBoost,0.009857947488940791,0.010886398982656444,0.02033533157909198,179.63671875,17
Dataset 2,Cell1,MAW-GME-full-40experts,medium_37_40,KNN,0.010257064659972937,0.011084128562358945,0.019972570274402093,64.2236328125,17
Dataset 2,Cell1,MAW-GME-full-40experts,very_narrow_38_39,CatBoost,0.010030321453941393,0.01108620661738857,0.01996882651748793,191.599609375,17
Dataset 2,Cell1,MAW-GME-full-40experts,narrow_375_395,KNN,0.01073351311431194,0.011599098897019168,0.019085839984209124,64.2509765625,17
Dataset 2,Cell1,MAW-GME-full-40experts,medium_37_40,CatBoost,0.010534466929581626,0.011635723680840546,0.019025765150713917,186.625,17
Dataset 2,Cell1,MAW-GME-full-40experts,very_narrow_38_39,SVR-RBF,0.011063322971251824,0.011812076639154392,0.018741712885351168,32.740234375,17
Dataset 2,Cell1,MAW-GME-full-40experts,full_36_42,KNN,0.011033746015699388,0.011923329422995973,0.018566840086843596,64.1962890625,17
Dataset 2,Cell1,MAW-GME-full-40experts,narrow_375_395,CatBoost,0.011128530286953542,0.012289798086341525,0.018013197180349546,185.61328125,17
Dataset 2,Cell1,MAW-GME-full-40experts,narrow_375_395,SVR-RBF,0.012517763350051364,0.013306805778861508,0.01663649215912304,25.47265625,17
Dataset 2,Cell1,MAW-GME-full-40experts,medium_37_40,SVR-RBF,0.012840980200958712,0.013646435900636045,0.016222446340963106,25.01171875,17
Dataset 2,Cell1,MAW-GME-full-40experts,very_narrow_38_39,KNN,0.012695308692592607,0.01371928475656939,0.01613630585944795,64.2919921875,17
Dataset 2,Cell1,Fast-MAW-GME-K3-latency-aware,narrow_375_395,Ridge,0.004273322351673966,0.004373645919200629,0.36091544019425226,2.234375,17
Dataset 2,Cell1,Fast-MAW-GME-K3-latency-aware,medium_37_40,Ridge,0.004743838950111873,0.004854403193228719,0.32517214511906894,2.20703125,17
Dataset 2,Cell1,Fast-MAW-GME-K3-latency-aware,full_36_42,Ridge,0.00491481866736992,0.0050285262333058375,0.31391241468667885,2.1796875,17
Dataset 2,Cell1,Fast-MAW-GME-K5-latency-aware,narrow_375_395,Ridge,0.004273322351673966,0.004373645919200629,0.23277641618873782,2.234375,17
Dataset 2,Cell1,Fast-MAW-GME-K5-latency-aware,medium_37_40,Ridge,0.004743838950111873,0.004854403193228719,0.2097233815889999,2.20703125,17
Dataset 2,Cell1,Fast-MAW-GME-K5-latency-aware,full_36_42,Ridge,0.00491481866736992,0.0050285262333058375,0.20246129356114395,2.1796875,17
Dataset 2,Cell1,Fast-MAW-GME-K5-latency-aware,full_36_42,ElasticNet,0.00556902161902252,0.005700734954397622,0.17858787906812426,2.2626953125,17
Dataset 2,Cell1,Fast-MAW-GME-K5-latency-aware,narrow_375_395,ElasticNet,0.005634633500897416,0.0057697718644783074,0.17645102959299402,2.3173828125,17
Dataset 2,Cell2,MAW-GME-full-40experts,full_36_42,Ridge,0.005134030997087597,0.005252810184607607,0.04372150248724255,2.1796875,17
Dataset 2,Cell2,MAW-GME-full-40experts,narrow_375_395,Ridge,0.005323187516230718,0.005448158468172235,0.042153834285415664,2.234375,17
Dataset 2,Cell2,MAW-GME-full-40experts,full_36_42,ElasticNet,0.00619268367186925,0.006339147283818381,0.036228978156545015,2.2626953125,17
Dataset 2,Cell2,MAW-GME-full-40experts,medium_37_40,Ridge,0.006640175455310872,0.006794937448940987,0.033798817796913606,2.20703125,17
Dataset 2,Cell2,MAW-GME-full-40experts,very_narrow_38_39,ElasticNet,0.006837573912161201,0.00700324343301084,0.032793499901605495,2.3583984375,17
Dataset 2,Cell2,MAW-GME-full-40experts,narrow_375_395,ElasticNet,0.006878361893204595,0.007043329245600591,0.032606861995155244,2.3173828125,17
Dataset 2,Cell2,MAW-GME-full-40experts,very_narrow_38_39,Ridge,0.007146969432023161,0.007316558031015365,0.0313891963818025,2.275390625,17
Dataset 2,Cell2,MAW-GME-full-40experts,full_36_42,ExtraTrees,0.007035714601683741,0.008469260822368832,0.027116996915458623,30974.0595703125,17
Dataset 2,Cell2,MAW-GME-full-40experts,medium_37_40,ElasticNet,0.008410197819348543,0.008610511816446717,0.02667215711917597,2.2900390625,17
Dataset 2,Cell2,MAW-GME-full-40experts,full_36_42,HistGB,0.007890197709927646,0.008933671529525426,0.025707340250191273,845.2412109375,17
Dataset 2,Cell2,MAW-GME-full-40experts,full_36_42,LightGBM,0.007895666950414779,0.0089637106339677,0.02562119014464445,885.60546875,17
Dataset 2,Cell2,MAW-GME-full-40experts,medium_37_40,LightGBM,0.007965643361531743,0.009043609189593644,0.025394832085657362,887.845703125,17
Dataset 2,Cell2,MAW-GME-full-40experts,medium_37_40,HistGB,0.008008977732495598,0.009068579485832425,0.0253249075972787,853.4951171875,17
Dataset 2,Cell2,MAW-GME-full-40experts,full_36_42,KNN,0.008448267668023382,0.009131198010261316,0.025151238533639195,64.8994140625,17
Dataset 2,Cell2,MAW-GME-full-40experts,very_narrow_38_39,LightGBM,0.008359278571760071,0.009490071855947248,0.024200127485985296,887.1298828125,17
Dataset 2,Cell2,MAW-GME-full-40experts,medium_37_40,ExtraTrees,0.007987701715444695,0.00961520348136205,0.023885188946821647,30971.4150390625,17
Dataset 2,Cell2,MAW-GME-full-40experts,medium_37_40,RandomForest,0.00827690903495109,0.009751726988477503,0.023550798287292132,8626.3603515625,17
Dataset 2,Cell2,MAW-GME-full-40experts,very_narrow_38_39,HistGB,0.008626397984197638,0.009766309758883502,0.02351563295451781,853.0400390625,17
Dataset 2,Cell2,MAW-GME-full-40experts,full_36_42,XGBoost,0.008672479512042955,0.009795532839829894,0.02344547867551846,653.73046875,17
Dataset 2,Cell2,MAW-GME-full-40experts,full_36_42,RandomForest,0.00834405128808482,0.009831016602288876,0.023360855387461694,8647.0400390625,17
Dataset 2,Cell2,MAW-GME-full-40experts,very_narrow_38_39,SVR-RBF,0.009343772123134534,0.009968264063662172,0.023039213137563533,32.162109375,17
Dataset 2,Cell2,MAW-GME-full-40experts,very_narrow_38_39,ExtraTrees,0.008324172400255656,0.010020242646012308,0.022919700618302875,30974.2958984375,17
Dataset 2,Cell2,MAW-GME-full-40experts,medium_37_40,XGBoost,0.0089425963271014,0.010101142020788,0.022736138441805498,654.7353515625,17
Dataset 2,Cell2,MAW-GME-full-40experts,full_36_42,SVR-RBF,0.009617080286196119,0.010193846918976523,0.022529371619767407,21.515625,17
Dataset 2,Cell2,MAW-GME-full-40experts,narrow_375_395,ExtraTrees,0.008496630097843592,0.010227809330974339,0.02245456077532032,30967.5048828125,17
Dataset 2,Cell2,MAW-GME-full-40experts,very_narrow_38_39,KNN,0.009707974926930051,0.01049306200261679,0.021886935561776934,64.9951171875,17
Dataset 2,Cell2,MAW-GME-full-40experts,medium_37_40,SVR-RBF,0.009936444960939804,0.010542984166122028,0.021783298667121843,23.56640625,17
Dataset 2,Cell2,MAW-GME-full-40experts,very_narrow_38_39,RandomForest,0.008974420588909056,0.010573960730806704,0.02171948425176302,8625.4443359375,17
Dataset 2,Cell2,MAW-GME-full-40experts,full_36_42,CatBoost,0.009617318547637962,0.010621632790614632,0.021622002857155934,179.16015625,17
Dataset 2,Cell2,MAW-GME-full-40experts,very_narrow_38_39,CatBoost,0.00963422484549918,0.010645782196803424,0.021572954508290977,187.060546875,17
Dataset 2,Cell2,MAW-GME-full-40experts,medium_37_40,CatBoost,0.0097713427255067,0.010786897146554952,0.02129073585654317,180.46875,17
Dataset 2,Cell2,MAW-GME-full-40experts,narrow_375_395,KNN,0.010033169340567272,0.010844410617139557,0.021177820270396084,64.9541015625,17
Dataset 2,Cell2,MAW-GME-full-40experts,narrow_375_395,HistGB,0.009578176897134852,0.010845409253219558,0.02117587023647632,852.5537109375,17
Dataset 2,Cell2,MAW-GME-full-40experts,narrow_375_395,LightGBM,0.009691369996849929,0.011002872937303235,0.020872819612370464,888.482421875,17
Dataset 2,Cell2,MAW-GME-full-40experts,very_narrow_38_39,XGBoost,0.009830515938170121,0.011105391732457011,0.02068013353313856,661.833984375,17
Dataset 2,Cell2,MAW-GME-full-40experts,medium_37_40,KNN,0.010491328471482998,0.011339513925714678,0.020253159856698733,64.9267578125,17
Dataset 2,Cell2,MAW-GME-full-40experts,narrow_375_395,CatBoost,0.010437042390608728,0.011522707481786037,0.01993116564121136,174.87109375,17
Dataset 2,Cell2,MAW-GME-full-40experts,narrow_375_395,XGBoost,0.010677577773681834,0.012061173418583784,0.01904134800010578,654.888671875,17
Dataset 2,Cell2,MAW-GME-full-40experts,narrow_375_395,SVR-RBF,0.011384069016243016,0.012100238235877546,0.018979874320710875,25.76171875,17
Dataset 2,Cell2,MAW-GME-full-40experts,narrow_375_395,RandomForest,0.01042742675837835,0.012285294120607663,0.018693976845157632,8627.9375,17
Dataset 2,Cell2,Fast-MAW-GME-K3-latency-aware,full_36_42,Ridge,0.005134030997087597,0.005252810184607607,0.3580668096176005,2.1796875,17
Dataset 2,Cell2,Fast-MAW-GME-K3-latency-aware,narrow_375_395,Ridge,0.005323187516230718,0.005448158468172235,0.34522804791834505,2.234375,17
Dataset 2,Cell2,Fast-MAW-GME-K3-latency-aware,full_36_42,ElasticNet,0.00619268367186925,0.006339147283818381,0.29670514246405444,2.2626953125,17
Dataset 2,Cell2,Fast-MAW-GME-K5-latency-aware,full_36_42,Ridge,0.005134030997087597,0.005252810184607607,0.2317026111085949,2.1796875,17
Dataset 2,Cell2,Fast-MAW-GME-K5-latency-aware,narrow_375_395,Ridge,0.005323187516230718,0.005448158468172235,0.22339473523399084,2.234375,17
Dataset 2,Cell2,Fast-MAW-GME-K5-latency-aware,full_36_42,ElasticNet,0.00619268367186925,0.006339147283818381,0.191995891246352,2.2626953125,17
Dataset 2,Cell2,Fast-MAW-GME-K5-latency-aware,medium_37_40,Ridge,0.006640175455310872,0.006794937448940987,0.17911722814680509,2.20703125,17
Dataset 2,Cell2,Fast-MAW-GME-K5-latency-aware,very_narrow_38_39,ElasticNet,0.006837573912161201,0.00700324343301084,0.17378953426425717,2.3583984375,17
Dataset 2,Cell3,MAW-GME-full-40experts,narrow_375_395,Ridge,0.00493963491340303,0.005055601310508019,0.045002567758152257,2.234375,17
Dataset 2,Cell3,MAW-GME-full-40experts,full_36_42,Ridge,0.004941940269692274,0.005056275311755608,0.044996568929972364,2.1796875,17
Dataset 2,Cell3,MAW-GME-full-40experts,full_36_42,ElasticNet,0.005638332448515834,0.005771685059360616,0.03941918071209086,2.2626953125,17
Dataset 2,Cell3,MAW-GME-full-40experts,medium_37_40,Ridge,0.0058297509583542855,0.005965624458498076,0.03813768546209215,2.20703125,17
Dataset 2,Cell3,MAW-GME-full-40experts,narrow_375_395,ElasticNet,0.0060988783651247215,0.006245150956201069,0.036430684838332124,2.3173828125,17
Dataset 2,Cell3,MAW-GME-full-40experts,very_narrow_38_39,Ridge,0.00718573366173859,0.007356242087165058,0.03092818025594575,2.275390625,17
Dataset 2,Cell3,MAW-GME-full-40experts,medium_37_40,ElasticNet,0.007329564188438711,0.0075041396658663655,0.030318623786903247,2.2900390625,17
Dataset 2,Cell3,MAW-GME-full-40experts,full_36_42,ExtraTrees,0.0063166702407652835,0.007602845417325001,0.029925005550094676,30762.7001953125,17
Dataset 2,Cell3,MAW-GME-full-40experts,very_narrow_38_39,ElasticNet,0.007728970995800969,0.007916238429833047,0.028740317156117388,2.3583984375,17
Dataset 2,Cell3,MAW-GME-full-40experts,medium_37_40,ExtraTrees,0.007141630158448958,0.00859576998133824,0.026468277579691744,30762.8681640625,17
Dataset 2,Cell3,MAW-GME-full-40experts,full_36_42,SVR-RBF,0.008385366124372714,0.00890296347273328,0.025555000389119332,24.984375,17
Dataset 2,Cell3,MAW-GME-full-40experts,full_36_42,RandomForest,0.007741416173417773,0.009119963265026357,0.02494694709605166,8563.318359375,17
Dataset 2,Cell3,MAW-GME-full-40experts,very_narrow_38_39,SVR-RBF,0.00861767678287663,0.009203546613774037,0.024720388009513466,34.619140625,17
Dataset 2,Cell3,MAW-GME-full-40experts,medium_37_40,XGBoost,0.008260246373652106,0.00933223190857249,0.02437951060302294,663.79296875,17
Dataset 2,Cell3,MAW-GME-full-40experts,narrow_375_395,ExtraTrees,0.007943171622288329,0.009560508287042871,0.02379740132586369,30758.1142578125,17
Dataset 2,Cell3,MAW-GME-full-40experts,narrow_375_395,LightGBM,0.008617145070043073,0.009783000315090605,0.023256184265600558,891.4267578125,17
Dataset 2,Cell3,MAW-GME-full-40experts,medium_37_40,LightGBM,0.008672590601565146,0.009846039977289611,0.023107285772953977,888.19921875,17
Dataset 2,Cell3,MAW-GME-full-40experts,full_36_42,KNN,0.009133531038124573,0.009870691862466252,0.023049575777904407,64.4775390625,17
Dataset 2,Cell3,MAW-GME-full-40experts,very_narrow_38_39,XGBoost,0.008753069620490739,0.009889228572271126,0.023006370904829702,668.0791015625,17
Dataset 2,Cell3,MAW-GME-full-40experts,medium_37_40,HistGB,0.00874190099432236,0.00989726019725185,0.02298770125758431,848.0576171875,17
Dataset 2,Cell3,MAW-GME-full-40experts,medium_37_40,RandomForest,0.008633257223420022,0.010170585438822974,0.02236992828281724,8570.37109375,17
Dataset 2,Cell3,MAW-GME-full-40experts,full_36_42,XGBoost,0.009022327671840235,0.010192033292265047,0.02232285362569881,662.638671875,17
Dataset 2,Cell3,MAW-GME-full-40experts,narrow_375_395,HistGB,0.00903248538244585,0.010226372496446373,0.022247895640426004,860.2021484375,17
Dataset 2,Cell3,MAW-GME-full-40experts,very_narrow_38_39,LightGBM,0.009013873199991923,0.010232984946172105,0.022233519292914887,887.279296875,17
Dataset 2,Cell3,MAW-GME-full-40experts,very_narrow_38_39,ExtraTrees,0.008535731390605218,0.010273714577684768,0.022145375695022743,30760.1240234375,17
Dataset 2,Cell3,MAW-GME-full-40experts,very_narrow_38_39,HistGB,0.009118699027652829,0.010323235974124587,0.022039142642758875,855.9541015625,17
Dataset 2,Cell3,MAW-GME-full-40experts,full_36_42,LightGBM,0.009282921918736118,0.010538698684561998,0.0215885548571337,887.998046875,17
Dataset 2,Cell3,MAW-GME-full-40experts,full_36_42,HistGB,0.009434213837601794,0.010681926339838402,0.021299086918492152,851.5146484375,17
Dataset 2,Cell3,MAW-GME-full-40experts,narrow_375_395,RandomForest,0.009178280738669957,0.01081256344008342,0.0210417521620332,8551.5634765625,17
Dataset 2,Cell3,MAW-GME-full-40experts,full_36_42,CatBoost,0.009872710893847612,0.010902338698876036,0.020868484107784357,182.48828125,17
Dataset 2,Cell3,MAW-GME-full-40experts,very_narrow_38_39,RandomForest,0.009478687129112828,0.011166602575982048,0.02037462023616497,8569.7451171875,17
Dataset 2,Cell3,MAW-GME-full-40experts,narrow_375_395,XGBoost,0.0100610673864007,0.011366854041578188,0.020015678002992067,664.412109375,17
Dataset 2,Cell3,MAW-GME-full-40experts,very_narrow_38_39,CatBoost,0.010339566321242515,0.011428741422459324,0.019907291894800838,193.068359375,17
Dataset 2,Cell3,MAW-GME-full-40experts,medium_37_40,CatBoost,0.010370353118077496,0.011454725718968755,0.01986213354388073,187.71875,17
Dataset 2,Cell3,MAW-GME-full-40experts,narrow_375_395,KNN,0.010620631697777572,0.011478020611447821,0.019821822946969783,64.5322265625,17
Dataset 2,Cell3,MAW-GME-full-40experts,medium_37_40,KNN,0.011143680876658235,0.01204318717544528,0.0188916188322397,64.5048828125,17
Dataset 2,Cell3,MAW-GME-full-40experts,very_narrow_38_39,KNN,0.01129449285987563,0.012206445218075531,0.01863894853135652,64.5732421875,17
Dataset 2,Cell3,MAW-GME-full-40experts,narrow_375_395,SVR-RBF,0.011504044264676133,0.01222425820969262,0.01861178817883111,27.9296875,17
Dataset 2,Cell3,MAW-GME-full-40experts,narrow_375_395,CatBoost,0.011151933182806608,0.01231537034774865,0.01847409370524311,187.08203125,17
Dataset 2,Cell3,MAW-GME-full-40experts,medium_37_40,SVR-RBF,0.011848154793898585,0.012589414321510863,0.018071953470602684,26.890625,17
Dataset 2,Cell3,Fast-MAW-GME-K3-latency-aware,narrow_375_395,Ridge,0.00493963491340303,0.005055601310508019,0.34772950740029734,2.234375,17
Dataset 2,Cell3,Fast-MAW-GME-K3-latency-aware,full_36_42,Ridge,0.004941940269692274,0.005056275311755608,0.34768315516592746,2.1796875,17
Dataset 2,Cell3,Fast-MAW-GME-K3-latency-aware,full_36_42,ElasticNet,0.005638332448515834,0.005771685059360616,0.30458733743377525,2.2626953125,17
Dataset 2,Cell3,Fast-MAW-GME-K5-latency-aware,narrow_375_395,Ridge,0.00493963491340303,0.005055601310508019,0.22061521889210575,2.234375,17
Dataset 2,Cell3,Fast-MAW-GME-K5-latency-aware,full_36_42,Ridge,0.004941940269692274,0.005056275311755608,0.22058581095256072,2.1796875,17
Dataset 2,Cell3,Fast-MAW-GME-K5-latency-aware,full_36_42,ElasticNet,0.005638332448515834,0.005771685059360616,0.19324388839501327,2.2626953125,17
Dataset 2,Cell3,Fast-MAW-GME-K5-latency-aware,medium_37_40,Ridge,0.0058297509583542855,0.005965624458498076,0.18696163897744655,2.20703125,17
Dataset 2,Cell3,Fast-MAW-GME-K5-latency-aware,narrow_375_395,ElasticNet,0.0060988783651247215,0.006245150956201069,0.17859344278287365,2.3173828125,17
Dataset 2,Cell4,MAW-GME-full-40experts,full_36_42,Ridge,0.004066547142028434,0.004160629387697766,0.05187381864729451,2.1796875,17
Dataset 2,Cell4,MAW-GME-full-40experts,narrow_375_395,Ridge,0.0041863026751280666,0.004284583306578848,0.05037310139163673,2.234375,17
Dataset 2,Cell4,MAW-GME-full-40experts,medium_37_40,Ridge,0.005405960234942181,0.005531956481438291,0.039014743451249154,2.20703125,17
Dataset 2,Cell4,MAW-GME-full-40experts,full_36_42,ElasticNet,0.005752600036269431,0.005888655198143443,0.036651472921617266,2.2626953125,17
Dataset 2,Cell4,MAW-GME-full-40experts,narrow_375_395,ElasticNet,0.005949324896785111,0.006092010668776235,0.035428023768931165,2.3173828125,17
Dataset 2,Cell4,MAW-GME-full-40experts,very_narrow_38_39,Ridge,0.006423400958057504,0.006575820186879333,0.032821445645732104,2.275390625,17
Dataset 2,Cell4,MAW-GME-full-40experts,medium_37_40,ElasticNet,0.007172811233375987,0.007343653170682466,0.029389726630690075,2.2900390625,17
Dataset 2,Cell4,MAW-GME-full-40experts,full_36_42,ExtraTrees,0.0061112415593721865,0.007363432097292224,0.029310782946686226,32803.37109375,17
Dataset 2,Cell4,MAW-GME-full-40experts,full_36_42,SVR-RBF,0.007391300325611825,0.007838928111818917,0.027532843093736895,20.50390625,17
Dataset 2,Cell4,MAW-GME-full-40experts,very_narrow_38_39,ElasticNet,0.007884636045276802,0.00807567513201655,0.026725689464855436,2.3583984375,17
Dataset 2,Cell4,MAW-GME-full-40experts,medium_37_40,ExtraTrees,0.007058457570168484,0.008504710492369333,0.025377465755385065,32803.1171875,17
Dataset 2,Cell4,MAW-GME-full-40experts,medium_37_40,XGBoost,0.007655514373414571,0.008649388885794213,0.02495297718419497,664.51953125,17
Dataset 2,Cell4,MAW-GME-full-40experts,full_36_42,RandomForest,0.0073526892001783955,0.008671425877495243,0.02488956340141521,9125.103515625,17
Dataset 2,Cell4,MAW-GME-full-40experts,full_36_42,KNN,0.008523493899879053,0.00922164013341741,0.023404515453487665,68.5556640625,17
Dataset 2,Cell4,MAW-GME-full-40experts,narrow_375_395,ExtraTrees,0.007666985556770465,0.009237920898121837,0.023363267752750175,32798.36328125,17
Dataset 2,Cell4,MAW-GME-full-40experts,very_narrow_38_39,XGBoost,0.008257642104612616,0.009330753086738966,0.023130825533547523,667.2939453125,17
Dataset 2,Cell4,MAW-GME-full-40experts,full_36_42,XGBoost,0.008397719651625737,0.00948687692920795,0.022750166062350616,660.697265625,17
Dataset 2,Cell4,MAW-GME-full-40experts,medium_37_40,RandomForest,0.008091991346613597,0.009543189159912209,0.02261592254732006,9130.2431640625,17
Dataset 2,Cell4,MAW-GME-full-40experts,narrow_375_395,XGBoost,0.008481338110454728,0.009582809618084276,0.022522416330045782,669.201171875,17
Dataset 2,Cell4,MAW-GME-full-40experts,medium_37_40,LightGBM,0.008587396157693787,0.009752109178177667,0.022131420782590887,891.9990234375,17
Dataset 2,Cell4,MAW-GME-full-40experts,narrow_375_395,LightGBM,0.008682332867193035,0.009859974580815629,0.021889309388389615,892.52734375,17
Dataset 2,Cell4,MAW-GME-full-40experts,medium_37_40,HistGB,0.008738749007339449,0.009904028589885917,0.02179194387172824,898.8310546875,17
Dataset 2,Cell4,MAW-GME-full-40experts,very_narrow_38_39,ExtraTrees,0.00824708428331432,0.00993687582017493,0.02171990872794641,32798.404296875,17
Dataset 2,Cell4,MAW-GME-full-40experts,full_36_42,CatBoost,0.009010373082160409,0.009950376636581123,0.021690438868049985,180.91015625,17
Dataset 2,Cell4,MAW-GME-full-40experts,very_narrow_38_39,SVR-RBF,0.009342161225213958,0.00998461240680369,0.021616065611770693,34.763671875,17
Dataset 2,Cell4,MAW-GME-full-40experts,narrow_375_395,RandomForest,0.008493812088223413,0.010016973630278588,0.021546231981635158,9115.0185546875,17
Dataset 2,Cell4,MAW-GME-full-40experts,narrow_375_395,HistGB,0.008857366019342918,0.010038488509571546,0.02150005330462874,906.5068359375,17
Dataset 2,Cell4,MAW-GME-full-40experts,full_36_42,HistGB,0.008866902041412867,0.01004963132836827,0.021476214523694626,897.9521484375,17
Dataset 2,Cell4,MAW-GME-full-40experts,full_36_42,LightGBM,0.00889599447273163,0.010102040085256796,0.021364797366151447,889.9189453125,17
Dataset 2,Cell4,MAW-GME-full-40experts,very_narrow_38_39,LightGBM,0.009078600958270188,0.010309697219966194,0.020934469665272615,891.21875,17
Dataset 2,Cell4,MAW-GME-full-40experts,very_narrow_38_39,HistGB,0.009116770841602081,0.010332633713220758,0.02088799914566581,898.3525390625,17
Dataset 2,Cell4,MAW-GME-full-40experts,very_narrow_38_39,RandomForest,0.008960752562088822,0.0105679072266425,0.02042296967562401,9140.005859375,17
Dataset 2,Cell4,MAW-GME-full-40experts,very_narrow_38_39,CatBoost,0.010163811880853394,0.011235693500042951,0.019209144585686094,194.818359375,17
Dataset 2,Cell4,MAW-GME-full-40experts,narrow_375_395,KNN,0.010412296473347538,0.01126534112791428,0.01915859085114765,68.6103515625,17
Dataset 2,Cell4,MAW-GME-full-40experts,very_narrow_38_39,KNN,0.010544324455634463,0.011408329546855988,0.018918463302024024,68.6513671875,17
Dataset 2,Cell4,MAW-GME-full-40experts,narrow_375_395,SVR-RBF,0.01078766747500515,0.01147533065343211,0.01880800401247115,25.90625,17
Dataset 2,Cell4,MAW-GME-full-40experts,medium_37_40,KNN,0.010774008461389492,0.01165658894254918,0.01851554249382324,68.5830078125,17
Dataset 2,Cell4,MAW-GME-full-40experts,narrow_375_395,CatBoost,0.010712249301548035,0.011833644965699152,0.018238511573966016,185.43359375,17
Dataset 2,Cell4,MAW-GME-full-40experts,medium_37_40,CatBoost,0.010711546773752214,0.011835242533911296,0.018236049669055756,188.609375,17
Dataset 2,Cell4,MAW-GME-full-40experts,medium_37_40,SVR-RBF,0.011401379795946876,0.012114893725752368,0.017815102615751154,24.43359375,17
Dataset 2,Cell4,Fast-MAW-GME-K3-latency-aware,full_36_42,Ridge,0.004066547142028434,0.004160629387697766,0.36721795118107503,2.1796875,17
Dataset 2,Cell4,Fast-MAW-GME-K3-latency-aware,narrow_375_395,Ridge,0.0041863026751280666,0.004284583306578848,0.3565942814707003,2.234375,17
Dataset 2,Cell4,Fast-MAW-GME-K3-latency-aware,medium_37_40,Ridge,0.005405960234942181,0.005531956481438291,0.27618776734822476,2.20703125,17
Dataset 2,Cell4,Fast-MAW-GME-K5-latency-aware,full_36_42,Ridge,0.004066547142028434,0.004160629387697766,0.24314960415210252,2.1796875,17
Dataset 2,Cell4,Fast-MAW-GME-K5-latency-aware,narrow_375_395,Ridge,0.0041863026751280666,0.004284583306578848,0.23611525009503043,2.234375,17
Dataset 2,Cell4,Fast-MAW-GME-K5-latency-aware,medium_37_40,Ridge,0.005405960234942181,0.005531956481438291,0.18287490054989103,2.20703125,17
Dataset 2,Cell4,Fast-MAW-GME-K5-latency-aware,full_36_42,ElasticNet,0.005752600036269431,0.005888655198143443,0.17179747635462614,2.2626953125,17
Dataset 2,Cell4,Fast-MAW-GME-K5-latency-aware,narrow_375_395,ElasticNet,0.005949324896785111,0.006092010668776235,0.16606276884834992,2.3173828125,17
Dataset 2,Cell5,MAW-GME-full-40experts,full_36_42,Ridge,0.005192057642158301,0.005312179314318533,0.03847149358694652,2.1796875,17
Dataset 2,Cell5,MAW-GME-full-40experts,narrow_375_395,Ridge,0.005263107500619299,0.005386667971205288,0.037939497818675665,2.234375,17
Dataset 2,Cell5,MAW-GME-full-40experts,medium_37_40,Ridge,0.005576669587277633,0.005706644541848033,0.0358122005878893,2.20703125,17
Dataset 2,Cell5,MAW-GME-full-40experts,full_36_42,XGBoost,0.006048182534849135,0.00683285060686429,0.02990956041648843,660.5126953125,17
Dataset 2,Cell5,MAW-GME-full-40experts,full_36_42,ExtraTrees,0.005734702351901806,0.006909990456468232,0.029575664781201143,32875.37109375,17
Dataset 2,Cell5,MAW-GME-full-40experts,full_36_42,ElasticNet,0.006900159885978962,0.007063356069326387,0.028933493625078566,2.2626953125,17
Dataset 2,Cell5,MAW-GME-full-40experts,full_36_42,RandomForest,0.006074613927412658,0.007164141920193932,0.028526454968436667,9135.2900390625,17
Dataset 2,Cell5,MAW-GME-full-40experts,full_36_42,LightGBM,0.0064657690024032405,0.007341951333529242,0.027835594312536748,890.0751953125,17
Dataset 2,Cell5,MAW-GME-full-40experts,full_36_42,HistGB,0.006480612395999814,0.007342407031409753,0.02783386673137693,894.2255859375,17
Dataset 2,Cell5,MAW-GME-full-40experts,narrow_375_395,ElasticNet,0.007240012271540424,0.007413653274194051,0.0275663797477595,2.3173828125,17
Dataset 2,Cell5,MAW-GME-full-40experts,full_36_42,SVR-RBF,0.007164060092197828,0.007608947792396972,0.026858850149314783,25.2734375,17
Dataset 2,Cell5,MAW-GME-full-40experts,very_narrow_38_39,Ridge,0.0074991750349246095,0.007677121030058125,0.026620342461043545,2.275390625,17
Dataset 2,Cell5,MAW-GME-full-40experts,medium_37_40,ElasticNet,0.007746241260633879,0.00793074114788202,0.02576904171214975,2.2900390625,17
Dataset 2,Cell5,MAW-GME-full-40experts,medium_37_40,RandomForest,0.006899012328512734,0.00813645726345427,0.0251175172862047,9156.2822265625,17
Dataset 2,Cell5,MAW-GME-full-40experts,medium_37_40,XGBoost,0.007222045347443008,0.008160882391579968,0.025042341858264008,669.083984375,17
Dataset 2,Cell5,MAW-GME-full-40experts,very_narrow_38_39,ElasticNet,0.008206711928826953,0.008405554683649919,0.02431340009029701,2.3583984375,17
Dataset 2,Cell5,MAW-GME-full-40experts,full_36_42,KNN,0.007826472438443085,0.008467840522414718,0.024134561255832503,68.6962890625,17
Dataset 2,Cell5,MAW-GME-full-40experts,very_narrow_38_39,HistGB,0.007476151949136999,0.008471693926156529,0.02412358351045084,892.0478515625,17
Dataset 2,Cell5,MAW-GME-full-40experts,very_narrow_38_39,LightGBM,0.007538354765882106,0.008560277088522165,0.023873948972163855,891.5302734375,17
Dataset 2,Cell5,MAW-GME-full-40experts,full_36_42,CatBoost,0.0077730411302680425,0.008599378436007077,0.02376539432533701,202.76171875,17
Dataset 2,Cell5,MAW-GME-full-40experts,very_narrow_38_39,ExtraTrees,0.007190165097985148,0.008663708575454123,0.02358893070666703,32868.716796875,17
Dataset 2,Cell5,MAW-GME-full-40experts,medium_37_40,LightGBM,0.007673379142859018,0.008713946742458938,0.023452934548396896,891.96875,17
Dataset 2,Cell5,MAW-GME-full-40experts,very_narrow_38_39,XGBoost,0.007713060856080663,0.00871515957596652,0.023449670755922924,666.2587890625,17
Dataset 2,Cell5,MAW-GME-full-40experts,very_narrow_38_39,RandomForest,0.007483654933837702,0.00882614734289355,0.02315479423250931,9145.4814453125,17
Dataset 2,Cell5,MAW-GME-full-40experts,medium_37_40,HistGB,0.00779828696288747,0.008836259716102817,0.02312829550302438,892.7060546875,17
Dataset 2,Cell5,MAW-GME-full-40experts,narrow_375_395,ExtraTrees,0.0073438190778466845,0.008848853671216383,0.02309537865333148,32867.97265625,17
Dataset 2,Cell5,MAW-GME-full-40experts,narrow_375_395,XGBoost,0.007930702416201599,0.008961425287405877,0.022805259490704968,667.9169921875,17
Dataset 2,Cell5,MAW-GME-full-40experts,medium_37_40,ExtraTrees,0.007510972724187296,0.009050269993742246,0.02258138502673509,32872.7265625,17
Dataset 2,Cell5,MAW-GME-full-40experts,medium_37_40,SVR-RBF,0.008539084687122974,0.009079386409897989,0.022508969529698886,26.16796875,17
Dataset 2,Cell5,MAW-GME-full-40experts,narrow_375_395,KNN,0.008540444237980149,0.00924047641259218,0.022116569194880854,68.7509765625,17
Dataset 2,Cell5,MAW-GME-full-40experts,very_narrow_38_39,CatBoost,0.008362356361917404,0.009251510242245277,0.022090191858981728,203.560546875,17
Dataset 2,Cell5,MAW-GME-full-40experts,narrow_375_395,SVR-RBF,0.008826211783105917,0.009388087396734352,0.021768825833607203,26.7734375,17
Dataset 2,Cell5,MAW-GME-full-40experts,narrow_375_395,RandomForest,0.00807182637337451,0.00951956314532417,0.02146817446734288,9138.9658203125,17
Dataset 2,Cell5,MAW-GME-full-40experts,narrow_375_395,HistGB,0.008419115207253565,0.009539532188600694,0.021423235318636286,895.1083984375,17
Dataset 2,Cell5,MAW-GME-full-40experts,very_narrow_38_39,SVR-RBF,0.009058931987409815,0.009687349394694124,0.02109634306025498,36.787109375,17
Dataset 2,Cell5,MAW-GME-full-40experts,medium_37_40,KNN,0.009031088508706278,0.009771255177994091,0.020915188915219395,68.7236328125,17
Dataset 2,Cell5,MAW-GME-full-40experts,narrow_375_395,LightGBM,0.008740109379051215,0.009925147448540984,0.020590893212328203,892.7333984375,17
Dataset 2,Cell5,MAW-GME-full-40experts,very_narrow_38_39,KNN,0.00935996233126181,0.01012729512850196,0.02017988542315023,68.7919921875,17
Dataset 2,Cell5,MAW-GME-full-40experts,medium_37_40,CatBoost,0.00927261066351214,0.010258050250970764,0.01992266102347284,203.1484375,17
Dataset 2,Cell5,MAW-GME-full-40experts,narrow_375_395,CatBoost,0.009911551825000614,0.010964386675054526,0.018639225047686902,203.32421875,17
Dataset 2,Cell5,Fast-MAW-GME-K3-latency-aware,full_36_42,Ridge,0.005192057642158301,0.005312179314318533,0.3428123269668792,2.1796875,17
Dataset 2,Cell5,Fast-MAW-GME-K3-latency-aware,narrow_375_395,Ridge,0.005263107500619299,0.005386667971205288,0.33807181158123933,2.234375,17
Dataset 2,Cell5,Fast-MAW-GME-K3-latency-aware,medium_37_40,Ridge,0.005576669587277633,0.005706644541848033,0.3191158614518814,2.20703125,17
Dataset 2,Cell5,Fast-MAW-GME-K5-latency-aware,full_36_42,Ridge,0.005192057642158301,0.005312179314318533,0.22405129705498175,2.1796875,17
Dataset 2,Cell5,Fast-MAW-GME-K5-latency-aware,narrow_375_395,Ridge,0.005263107500619299,0.005386667971205288,0.22095304609574967,2.234375,17
Dataset 2,Cell5,Fast-MAW-GME-K5-latency-aware,medium_37_40,Ridge,0.005576669587277633,0.005706644541848033,0.20856403648524485,2.20703125,17
Dataset 2,Cell5,Fast-MAW-GME-K5-latency-aware,full_36_42,XGBoost,0.006048182534849135,0.00683285060686429,0.1741880852770513,660.5126953125,17
Dataset 2,Cell5,Fast-MAW-GME-K5-latency-aware,full_36_42,ExtraTrees,0.005734702351901806,0.006909990456468232,0.17224353508697246,32875.37109375,17
Dataset 2,Cell6,MAW-GME-full-40experts,narrow_375_395,Ridge,0.004795713777413396,0.004908301379141688,0.044402904528426525,2.234375,17
Dataset 2,Cell6,MAW-GME-full-40experts,full_36_42,Ridge,0.00485480831592324,0.004967127502865795,0.04387703812066312,2.1796875,17
Dataset 2,Cell6,MAW-GME-full-40experts,medium_37_40,Ridge,0.005560047354093865,0.005689634895716607,0.038305252007536414,2.20703125,17
Dataset 2,Cell6,MAW-GME-full-40experts,full_36_42,ElasticNet,0.006439743360561008,0.0065920501991773095,0.0330614822951734,2.2626953125,17
Dataset 2,Cell6,MAW-GME-full-40experts,narrow_375_395,ElasticNet,0.0066454731717947284,0.006804855032125844,0.032027568590252006,2.3173828125,17
Dataset 2,Cell6,MAW-GME-full-40experts,full_36_42,ExtraTrees,0.005899909600785043,0.00710904975137992,0.030657117704139918,32876.91796875,17
Dataset 2,Cell6,MAW-GME-full-40experts,very_narrow_38_39,Ridge,0.007188043122795453,0.0073586063488291975,0.029617426868366912,2.275390625,17
Dataset 2,Cell6,MAW-GME-full-40experts,medium_37_40,ElasticNet,0.0072629681747952675,0.007435957469118759,0.029309337684561773,2.2900390625,17
Dataset 2,Cell6,MAW-GME-full-40experts,medium_37_40,ExtraTrees,0.006467258657268342,0.007792654146332232,0.02796774985694682,32870.0546875,17
Dataset 2,Cell6,MAW-GME-full-40experts,very_narrow_38_39,ElasticNet,0.008118845062694776,0.008315558866255542,0.026209064595475673,2.3583984375,17
Dataset 2,Cell6,MAW-GME-full-40experts,narrow_375_395,ExtraTrees,0.007022612761288,0.008461818967935715,0.025756049004259856,32866.56640625,17
Dataset 2,Cell6,MAW-GME-full-40experts,full_36_42,RandomForest,0.007185577059618442,0.008474433048453443,0.025717711514220608,9153.1640625,17
Dataset 2,Cell6,MAW-GME-full-40experts,narrow_375_395,LightGBM,0.0074973832540240325,0.008514229864781588,0.025597503127122515,892.484375,17
Dataset 2,Cell6,MAW-GME-full-40experts,medium_37_40,LightGBM,0.007682060427757231,0.008723814063232738,0.02498253976514238,893.091796875,17
Dataset 2,Cell6,MAW-GME-full-40experts,medium_37_40,HistGB,0.007715665940591968,0.008743799524806544,0.024925437927885312,891.1357421875,17
Dataset 2,Cell6,MAW-GME-full-40experts,narrow_375_395,HistGB,0.00775989552456187,0.008794641018705487,0.024781345058521455,903.5146484375,17
Dataset 2,Cell6,MAW-GME-full-40experts,medium_37_40,RandomForest,0.007477751643477031,0.00881894345675802,0.024713054971030216,9141.0390625,17
Dataset 2,Cell6,MAW-GME-full-40experts,full_36_42,SVR-RBF,0.00831341391534962,0.008826569922444145,0.024691702049809097,24.6953125,17
Dataset 2,Cell6,MAW-GME-full-40experts,medium_37_40,XGBoost,0.007871150913397401,0.00889218609565926,0.02450950015263465,659.5322265625,17
Dataset 2,Cell6,MAW-GME-full-40experts,full_36_42,LightGBM,0.00809681112598148,0.009194484672693326,0.023703671525427746,891.3154296875,17
Dataset 2,Cell6,MAW-GME-full-40experts,full_36_42,HistGB,0.008315421568693112,0.009424639534898936,0.02312481549120595,904.3583984375,17
Dataset 2,Cell6,MAW-GME-full-40experts,narrow_375_395,RandomForest,0.008015174872120532,0.009452809500658233,0.023055902162168837,9138.125,17
Dataset 2,Cell6,MAW-GME-full-40experts,very_narrow_38_39,XGBoost,0.00855974788534682,0.009670694269473581,0.022536443623012527,662.1318359375,17
Dataset 2,Cell6,MAW-GME-full-40experts,very_narrow_38_39,LightGBM,0.008614918168082642,0.009782954349901087,0.02227783663200423,890.494140625,17
Dataset 2,Cell6,MAW-GME-full-40experts,full_36_42,KNN,0.009093759360958532,0.009838979773259291,0.022150981613595213,68.6962890625,17
Dataset 2,Cell6,MAW-GME-full-40experts,full_36_42,CatBoost,0.008931310894936373,0.009868058920619142,0.022085707276367876,189.54296875,17
Dataset 2,Cell6,MAW-GME-full-40experts,narrow_375_395,XGBoost,0.008891936444378695,0.010045860681889476,0.02169481257176865,660.0224609375,17
Dataset 2,Cell6,MAW-GME-full-40experts,very_narrow_38_39,HistGB,0.008870745470465971,0.010052821922798818,0.021679789659025762,894.9541015625,17
Dataset 2,Cell6,MAW-GME-full-40experts,very_narrow_38_39,SVR-RBF,0.009411806213830259,0.010057417184187156,0.021669884113750322,34.330078125,17
Dataset 2,Cell6,MAW-GME-full-40experts,very_narrow_38_39,ExtraTrees,0.008412184674131485,0.010136172835093153,0.021501514436900442,32868.435546875,17
Dataset 2,Cell6,MAW-GME-full-40experts,full_36_42,XGBoost,0.009074624278857149,0.01025119809471433,0.021260253381861653,659.771484375,17
Dataset 2,Cell6,MAW-GME-full-40experts,very_narrow_38_39,RandomForest,0.00887963577324836,0.010472673039462685,0.020810644296459083,9149.978515625,17
Dataset 2,Cell6,MAW-GME-full-40experts,medium_37_40,CatBoost,0.009529162720855026,0.010531881968146707,0.020693649557266516,191.0859375,17
Dataset 2,Cell6,MAW-GME-full-40experts,narrow_375_395,CatBoost,0.00965742324781369,0.010671289867900046,0.020423311523594726,191.67578125,17
Dataset 2,Cell6,MAW-GME-full-40experts,very_narrow_38_39,CatBoost,0.009888391887894024,0.010932504705824424,0.01993532937556499,197.216796875,17
Dataset 2,Cell6,MAW-GME-full-40experts,narrow_375_395,KNN,0.010356986031312998,0.011205914172741993,0.01944893417126247,68.7509765625,17
Dataset 2,Cell6,MAW-GME-full-40experts,medium_37_40,KNN,0.010727653407531196,0.011606866526112833,0.01877708279858884,68.7236328125,17
Dataset 2,Cell6,MAW-GME-full-40experts,very_narrow_38_39,KNN,0.011258479157727886,0.012181452990209608,0.017891388065537087,68.7919921875,17
Dataset 2,Cell6,MAW-GME-full-40experts,narrow_375_395,SVR-RBF,0.01194367592418281,0.012694199149249023,0.017168716774822575,24.4609375,17
Dataset 2,Cell6,MAW-GME-full-40experts,medium_37_40,SVR-RBF,0.012059183586587748,0.012820526074779057,0.01699954512764583,26.890625,17
Dataset 2,Cell6,Fast-MAW-GME-K3-latency-aware,narrow_375_395,Ridge,0.004795713777413396,0.004908301379141688,0.35077486469783037,2.234375,17
Dataset 2,Cell6,Fast-MAW-GME-K3-latency-aware,full_36_42,Ridge,0.00485480831592324,0.004967127502865795,0.34662061578120257,2.1796875,17
Dataset 2,Cell6,Fast-MAW-GME-K3-latency-aware,medium_37_40,Ridge,0.005560047354093865,0.005689634895716607,0.3026045195209671,2.20703125,17
Dataset 2,Cell6,Fast-MAW-GME-K5-latency-aware,narrow_375_395,Ridge,0.004795713777413396,0.004908301379141688,0.23165816775673684,2.234375,17
Dataset 2,Cell6,Fast-MAW-GME-K5-latency-aware,full_36_42,Ridge,0.00485480831592324,0.004967127502865795,0.22891462541866078,2.1796875,17
Dataset 2,Cell6,Fast-MAW-GME-K5-latency-aware,medium_37_40,Ridge,0.005560047354093865,0.005689634895716607,0.199845586449081,2.20703125,17
Dataset 2,Cell6,Fast-MAW-GME-K5-latency-aware,full_36_42,ElasticNet,0.006439743360561008,0.0065920501991773095,0.17248786972749575,2.2626953125,17
Dataset 2,Cell6,Fast-MAW-GME-K5-latency-aware,narrow_375_395,ElasticNet,0.0066454731717947284,0.006804855032125844,0.16709375064802576,2.3173828125,17
Dataset 2,Cell7,MAW-GME-full-40experts,narrow_375_395,Ridge,0.0050024667932990355,0.005119908276490873,0.04059635771565172,2.234375,17
Dataset 2,Cell7,MAW-GME-full-40experts,full_36_42,Ridge,0.0051752460780910324,0.005294978803647322,0.03925410261191754,2.1796875,17
Dataset 2,Cell7,MAW-GME-full-40experts,full_36_42,ElasticNet,0.00553373167993514,0.005664610370394068,0.036692667864142686,2.2626953125,17
Dataset 2,Cell7,MAW-GME-full-40experts,full_36_42,ExtraTrees,0.0050936782272156455,0.006130608297083506,0.03390360054322843,30695.7626953125,17
Dataset 2,Cell7,MAW-GME-full-40experts,narrow_375_395,ElasticNet,0.006111664340013877,0.006258243583816268,0.03321214633501317,2.3173828125,17
Dataset 2,Cell7,MAW-GME-full-40experts,medium_37_40,Ridge,0.006534480147373075,0.006686778709624924,0.031083684987406345,2.20703125,17
Dataset 2,Cell7,MAW-GME-full-40experts,medium_37_40,ExtraTrees,0.006028140074986367,0.007255284864975592,0.02864804776311813,30692.6962890625,17
Dataset 2,Cell7,MAW-GME-full-40experts,narrow_375_395,ExtraTrees,0.006252222196057519,0.007524979655420855,0.02762130492466463,30689.3486328125,17
Dataset 2,Cell7,MAW-GME-full-40experts,full_36_42,RandomForest,0.006457291309869489,0.007606753493541732,0.027324371791471447,8539.119140625,17
Dataset 2,Cell7,MAW-GME-full-40experts,very_narrow_38_39,ElasticNet,0.007456028714940314,0.00763668295290743,0.027217283071227075,2.3583984375,17
Dataset 2,Cell7,MAW-GME-full-40experts,medium_37_40,ElasticNet,0.007680998678823937,0.007863944618992107,0.02643072651072417,2.2900390625,17
Dataset 2,Cell7,MAW-GME-full-40experts,very_narrow_38_39,Ridge,0.007694908389636248,0.007877498891188507,0.02638524902965453,2.275390625,17
Dataset 2,Cell7,MAW-GME-full-40experts,medium_37_40,RandomForest,0.006735971284476628,0.007935057230618372,0.02619385920579389,8538.2939453125,17
Dataset 2,Cell7,MAW-GME-full-40experts,full_36_42,KNN,0.007416046249239823,0.00801427371775274,0.025934948293246732,64.3369140625,17
Dataset 2,Cell7,MAW-GME-full-40experts,narrow_375_395,RandomForest,0.006836582867527115,0.008053488016526358,0.02580866517888292,8539.3232421875,17
Dataset 2,Cell7,MAW-GME-full-40experts,full_36_42,CatBoost,0.007650847309533871,0.008453183893373689,0.02458834334679777,185.20703125,17
Dataset 2,Cell7,MAW-GME-full-40experts,narrow_375_395,LightGBM,0.007562837667691874,0.008584807944475116,0.024211350219848445,883.2490234375,17
Dataset 2,Cell7,MAW-GME-full-40experts,narrow_375_395,HistGB,0.007589588985719239,0.008591495103372544,0.024192505425590236,851.1552734375,17
Dataset 2,Cell7,MAW-GME-full-40experts,full_36_42,SVR-RBF,0.008288938589615174,0.008796308436821231,0.02362920752814836,25.2734375,17
Dataset 2,Cell7,MAW-GME-full-40experts,very_narrow_38_39,XGBoost,0.00783222836506588,0.008847986888161389,0.023491196533469583,656.1044921875,17
Dataset 2,Cell7,MAW-GME-full-40experts,medium_37_40,LightGBM,0.007947827533298844,0.009021994849326361,0.02303812038438949,886.1494140625,17
Dataset 2,Cell7,MAW-GME-full-40experts,full_36_42,LightGBM,0.008005297217486062,0.009086716628680679,0.022874027394120543,883.892578125,17
Dataset 2,Cell7,MAW-GME-full-40experts,medium_37_40,HistGB,0.008028257188978044,0.009088832434119383,0.022868702514531495,853.0419921875,17
Dataset 2,Cell7,MAW-GME-full-40experts,medium_37_40,XGBoost,0.008063365723671112,0.009108771978758583,0.022818641868037545,658.9248046875,17
Dataset 2,Cell7,MAW-GME-full-40experts,full_36_42,XGBoost,0.008078324831585269,0.009124086345515555,0.022780341850454446,655.4267578125,17
Dataset 2,Cell7,MAW-GME-full-40experts,full_36_42,HistGB,0.008100154889227471,0.009169837323991003,0.022666684240590353,842.849609375,17
Dataset 2,Cell7,MAW-GME-full-40experts,medium_37_40,CatBoost,0.00852735185952186,0.009420825116356264,0.022062803483999145,182.3125,17
Dataset 2,Cell7,MAW-GME-full-40experts,very_narrow_38_39,ExtraTrees,0.007893661412028878,0.009500556038249118,0.02187764739390535,30687.8427734375,17
Dataset 2,Cell7,MAW-GME-full-40experts,narrow_375_395,CatBoost,0.00861131563720839,0.009512561870596292,0.021850035579736173,184.03515625,17
Dataset 2,Cell7,MAW-GME-full-40experts,very_narrow_38_39,RandomForest,0.008139476389692956,0.009588478154976392,0.02167703922327453,8545.408203125,17
Dataset 2,Cell7,MAW-GME-full-40experts,very_narrow_38_39,CatBoost,0.008690981015803357,0.00961115310597382,0.021625898087000234,198.576171875,17
Dataset 2,Cell7,MAW-GME-full-40experts,narrow_375_395,KNN,0.008896785319035394,0.009614631320928817,0.02161807465192547,64.3916015625,17
Dataset 2,Cell7,MAW-GME-full-40experts,narrow_375_395,XGBoost,0.008654828938128639,0.009776600418780331,0.02125992802454908,660.3505859375,17
Dataset 2,Cell7,MAW-GME-full-40experts,very_narrow_38_39,SVR-RBF,0.009360616360498375,0.009988003308094061,0.020809947625809577,31.583984375,17
Dataset 2,Cell7,MAW-GME-full-40experts,very_narrow_38_39,HistGB,0.008964063822517505,0.010148891258963656,0.020480052817909756,852.4228515625,17
Dataset 2,Cell7,MAW-GME-full-40experts,medium_37_40,KNN,0.00947825936722497,0.01024293042420122,0.020292027993859523,64.3642578125,17
Dataset 2,Cell7,MAW-GME-full-40experts,very_narrow_38_39,LightGBM,0.009128604124008058,0.01036236681762461,0.02005814278764786,885.7626953125,17
Dataset 2,Cell7,MAW-GME-full-40experts,very_narrow_38_39,KNN,0.009791126093674067,0.010581274968927246,0.019643175137773347,64.4326171875,17
Dataset 2,Cell7,MAW-GME-full-40experts,narrow_375_395,SVR-RBF,0.01163466204817165,0.012352529600068952,0.016826502124807293,24.171875,17
Dataset 2,Cell7,MAW-GME-full-40experts,medium_37_40,SVR-RBF,0.011890029594804999,0.012633262931886782,0.016452587935681055,26.74609375,17
Dataset 2,Cell7,Fast-MAW-GME-K3-latency-aware,narrow_375_395,Ridge,0.0050024667932990355,0.005119908276490873,0.3483376355650179,2.234375,17
Dataset 2,Cell7,Fast-MAW-GME-K3-latency-aware,full_36_42,Ridge,0.0051752460780910324,0.005294978803647322,0.33682039619998055,2.1796875,17
Dataset 2,Cell7,Fast-MAW-GME-K3-latency-aware,full_36_42,ElasticNet,0.00553373167993514,0.005664610370394068,0.31484196823500155,2.2626953125,17
Dataset 2,Cell7,Fast-MAW-GME-K5-latency-aware,narrow_375_395,Ridge,0.0050024667932990355,0.005119908276490873,0.2210421777885171,2.234375,17
Dataset 2,Cell7,Fast-MAW-GME-K5-latency-aware,full_36_42,Ridge,0.0051752460780910324,0.005294978803647322,0.21373376373434777,2.1796875,17
Dataset 2,Cell7,Fast-MAW-GME-K5-latency-aware,full_36_42,ElasticNet,0.00553373167993514,0.005664610370394068,0.1997870663760021,2.2626953125,17
Dataset 2,Cell7,Fast-MAW-GME-K5-latency-aware,full_36_42,ExtraTrees,0.0050936782272156455,0.006130608297083506,0.18460093763677327,30695.7626953125,17
Dataset 2,Cell7,Fast-MAW-GME-K5-latency-aware,narrow_375_395,ElasticNet,0.006111664340013877,0.006258243583816268,0.1808360544643598,2.3173828125,17
Dataset 2,Cell8,MAW-GME-full-40experts,narrow_375_395,Ridge,0.005715968874140658,0.005850161041764174,0.038626317785658566,2.234375,17
Dataset 2,Cell8,MAW-GME-full-40experts,full_36_42,Ridge,0.005931482926715618,0.006068711689694214,0.03723528237311971,2.1796875,17
Dataset 2,Cell8,MAW-GME-full-40experts,full_36_42,ElasticNet,0.006075425401293868,0.006219115729356822,0.03633478009504882,2.2626953125,17
Dataset 2,Cell8,MAW-GME-full-40experts,full_36_42,ExtraTrees,0.0055391371423631885,0.006667003240586437,0.033893822856689515,30770.1533203125,17
Dataset 2,Cell8,MAW-GME-full-40experts,medium_37_40,Ridge,0.006594020810463759,0.006747707081788055,0.03348844698446679,2.20703125,17
Dataset 2,Cell8,MAW-GME-full-40experts,narrow_375_395,ElasticNet,0.007014884830347407,0.007183126483780693,0.031458481440506524,2.3173828125,17
Dataset 2,Cell8,MAW-GME-full-40experts,medium_37_40,ElasticNet,0.007416084226942787,0.007592720437674713,0.029761436628697718,2.2900390625,17
Dataset 2,Cell8,MAW-GME-full-40experts,full_36_42,KNN,0.007490017734026517,0.008094531763058875,0.027916412364552112,64.4775390625,17
Dataset 2,Cell8,MAW-GME-full-40experts,very_narrow_38_39,ExtraTrees,0.007135652490877482,0.008588564461546122,0.026310602157713706,30757.4521484375,17
Dataset 2,Cell8,MAW-GME-full-40experts,medium_37_40,ExtraTrees,0.007147118409473355,0.008602368211652231,0.026268383021517815,30760.7587890625,17
Dataset 2,Cell8,MAW-GME-full-40experts,narrow_375_395,ExtraTrees,0.007163502312104719,0.008622085192503107,0.026208312563763055,30760.0830078125,17
Dataset 2,Cell8,MAW-GME-full-40experts,very_narrow_38_39,ElasticNet,0.008475330376026805,0.008680681563520578,0.026031401312454263,2.3583984375,17
Dataset 2,Cell8,MAW-GME-full-40experts,very_narrow_38_39,XGBoost,0.007727785868644932,0.00873050906422206,0.02588283286450569,665.083984375,17
Dataset 2,Cell8,MAW-GME-full-40experts,full_36_42,RandomForest,0.007585915203556662,0.00893678653312293,0.025285410149164005,8574.1494140625,17
Dataset 2,Cell8,MAW-GME-full-40experts,very_narrow_38_39,Ridge,0.008870795522068592,0.009081288346872527,0.02488306816144427,2.275390625,17
Dataset 2,Cell8,MAW-GME-full-40experts,medium_37_40,XGBoost,0.008102406681971102,0.009152950288640221,0.024688249335036806,660.5908203125,17
Dataset 2,Cell8,MAW-GME-full-40experts,full_36_42,CatBoost,0.008416134912702385,0.009291227928687957,0.02432082436097406,177.24609375,17
Dataset 2,Cell8,MAW-GME-full-40experts,narrow_375_395,XGBoost,0.008385038433557961,0.009472887240644306,0.023854430172650185,664.021484375,17
Dataset 2,Cell8,MAW-GME-full-40experts,full_36_42,XGBoost,0.008408454427303385,0.009496961846269416,0.023793959739746476,655.5771484375,17
Dataset 2,Cell8,MAW-GME-full-40experts,very_narrow_38_39,RandomForest,0.008078577348797118,0.009517563641784861,0.023742455195467575,8579.5947265625,17
Dataset 2,Cell8,MAW-GME-full-40experts,medium_37_40,RandomForest,0.008212753346125002,0.009675259602250233,0.023355480007201553,8576.27734375,17
Dataset 2,Cell8,MAW-GME-full-40experts,very_narrow_38_39,SVR-RBF,0.00906880979944681,0.009685849372752412,0.02332994492933946,33.029296875,17
Dataset 2,Cell8,MAW-GME-full-40experts,full_36_42,SVR-RBF,0.009166314075680653,0.009725605990814495,0.023234576192712273,23.97265625,17
Dataset 2,Cell8,MAW-GME-full-40experts,full_36_42,HistGB,0.008612878939654125,0.009751283530633611,0.023173393873310806,849.2255859375,17
Dataset 2,Cell8,MAW-GME-full-40experts,narrow_375_395,HistGB,0.008651165304443492,0.009794308998423708,0.02307159546222742,850.8740234375,17
Dataset 2,Cell8,MAW-GME-full-40experts,full_36_42,LightGBM,0.008631429071311104,0.009798597661220014,0.0230614974670294,887.2626953125,17
Dataset 2,Cell8,MAW-GME-full-40experts,narrow_375_395,LightGBM,0.00881898845013328,0.010012179541644989,0.02256954533468746,889.1484375,17
Dataset 2,Cell8,MAW-GME-full-40experts,medium_37_40,LightGBM,0.008957181581863349,0.010169080415158212,0.022221315430808325,888.189453125,17
Dataset 2,Cell8,MAW-GME-full-40experts,narrow_375_395,RandomForest,0.008651283221801925,0.010192029744921794,0.022171279882638856,8585.603515625,17
Dataset 2,Cell8,MAW-GME-full-40experts,very_narrow_38_39,CatBoost,0.009281341040891735,0.010258262445273768,0.022028130658954207,188.091796875,17
Dataset 2,Cell8,MAW-GME-full-40experts,narrow_375_395,KNN,0.009591598644922528,0.010365915142899954,0.021799363071265926,64.5322265625,17
Dataset 2,Cell8,MAW-GME-full-40experts,very_narrow_38_39,KNN,0.009612248590681332,0.010388371332855702,0.02175224017287035,64.5732421875,17
Dataset 2,Cell8,MAW-GME-full-40experts,medium_37_40,HistGB,0.009186967691033434,0.010401542559305529,0.02172469585393581,855.1279296875,17
Dataset 2,Cell8,MAW-GME-full-40experts,very_narrow_38_39,LightGBM,0.009309840976176901,0.01056843945260854,0.02138161958127788,884.2763671875,17
Dataset 2,Cell8,MAW-GME-full-40experts,very_narrow_38_39,HistGB,0.009406440058905854,0.010648614036012,0.021220635172717408,852.9541015625,17
Dataset 2,Cell8,MAW-GME-full-40experts,medium_37_40,CatBoost,0.009864779753117735,0.010895073079808271,0.020740600517166207,181.34375,17
Dataset 2,Cell8,MAW-GME-full-40experts,medium_37_40,KNN,0.010267952523609214,0.011096770943022041,0.020363614179636187,64.5048828125,17
Dataset 2,Cell8,MAW-GME-full-40experts,narrow_375_395,CatBoost,0.010142335989253792,0.01119683343446687,0.020181631285835663,181.87109375,17
Dataset 2,Cell8,MAW-GME-full-40experts,medium_37_40,SVR-RBF,0.012865165290061346,0.013665356082040553,0.016536005285406715,24.43359375,17
Dataset 2,Cell8,MAW-GME-full-40experts,narrow_375_395,SVR-RBF,0.01320797494021231,0.014037237075650391,0.016097926077800428,27.0625,17
Dataset 2,Cell8,Fast-MAW-GME-K3-latency-aware,narrow_375_395,Ridge,0.005715968874140658,0.005850161041764174,0.34427418868837345,2.234375,17
Dataset 2,Cell8,Fast-MAW-GME-K3-latency-aware,full_36_42,Ridge,0.005931482926715618,0.006068711689694214,0.33187596862644403,2.1796875,17
Dataset 2,Cell8,Fast-MAW-GME-K3-latency-aware,full_36_42,ElasticNet,0.006075425401293868,0.006219115729356822,0.32384984268518247,2.2626953125,17
Dataset 2,Cell8,Fast-MAW-GME-K5-latency-aware,narrow_375_395,Ridge,0.005715968874140658,0.005850161041764174,0.21509415381632613,2.234375,17
Dataset 2,Cell8,Fast-MAW-GME-K5-latency-aware,full_36_42,Ridge,0.005931482926715618,0.006068711689694214,0.20734804696117878,2.1796875,17
Dataset 2,Cell8,Fast-MAW-GME-K5-latency-aware,full_36_42,ElasticNet,0.006075425401293868,0.006219115729356822,0.20233351835438396,2.2626953125,17
Dataset 2,Cell8,Fast-MAW-GME-K5-latency-aware,full_36_42,ExtraTrees,0.0055391371423631885,0.006667003240586437,0.18874082658914226,30770.1533203125,17
Dataset 2,Cell8,Fast-MAW-GME-K5-latency-aware,medium_37_40,Ridge,0.006594020810463759,0.006747707081788055,0.1864834542789689,2.20703125,17
