dataset,test_cell,availability_prob,seed,paper_pmax_window,paper_gpr_ekf_rmse,paper_gpr_ekf_mae,RMSE,MAE,R2,n_updates,n_prediction_only,mean_update_time_ms,median_update_time_ms,p95_update_time_ms
Dataset 1,Cell01,1.0,42,narrow_36_385,0.0188,0.0156,0.021303196252861308,0.01842199744123568,0.9386245751365331,11,0,1.8830233636683922,1.869199999873672,2.034014499940895
Dataset 1,Cell01,0.8,42,narrow_36_385,0.0188,0.0156,0.021479600186857208,0.01856343562644981,0.9376039120475688,9,2,1.643085363618659,1.853589999882388,1.941669999723672
Dataset 1,Cell01,0.8,43,narrow_36_385,0.0188,0.0156,0.02353652569998752,0.0196138172125363,0.9250813942790193,9,2,1.506563272786562,1.611628999853565,1.9329790002302616
Dataset 1,Cell01,0.8,44,narrow_36_385,0.0188,0.0156,0.0240905864647297,0.020220403093782036,0.9215126402059601,8,3,1.3244888182684504,1.5228500001285283,1.733824499979164
Dataset 1,Cell01,0.8,45,narrow_36_385,0.0188,0.0156,0.021742906440932675,0.018792304368821247,0.936064779227162,10,1,1.5384825454599527,1.5786500002832327,2.0051250000960863
Dataset 1,Cell01,0.8,46,narrow_36_385,0.0188,0.0156,0.026035542207511947,0.021527961352906858,0.9083276787966494,8,3,1.369179090943362,1.6350600003534055,1.7385445000854816
Dataset 1,Cell01,0.8,47,narrow_36_385,0.0188,0.0156,0.021161492637243214,0.018106620177788694,0.9394383679553523,9,2,1.443725181781536,1.621869000246079,1.7234544998245838
Dataset 1,Cell01,0.8,48,narrow_36_385,0.0188,0.0156,0.02193231331957255,0.0189962500796749,0.934946022084765,10,1,1.4997070908810366,1.6126489999805926,1.7190194998875086
Dataset 1,Cell01,0.8,49,narrow_36_385,0.0188,0.0156,0.022101368910735174,0.018109577960728138,0.9339392770005618,9,2,1.43923072718363,1.636799999687355,1.6868699999577075
Dataset 1,Cell01,0.8,50,narrow_36_385,0.0188,0.0156,0.022202785174613705,0.018178740752683654,0.9333316220630538,8,3,1.352748999992896,1.614649999737594,1.641010000184906
Dataset 1,Cell01,0.8,51,narrow_36_385,0.0188,0.0156,0.024629760427892538,0.020029736613525754,0.9179600569982702,8,3,1.396273636435746,1.6209600003094238,1.868800000011106
Dataset 1,Cell01,0.6,42,narrow_36_385,0.0188,0.0156,0.023855442849676254,0.018850711816624798,0.9230373627167519,5,6,1.1968371818098107,1.1114300000372168,1.7516495001927979
Dataset 1,Cell01,0.6,43,narrow_36_385,0.0188,0.0156,0.025616736406682654,0.020782987291720942,0.9112532262595673,7,4,1.2943407272442444,1.5936989998408535,1.757609500145918
Dataset 1,Cell01,0.6,44,narrow_36_385,0.0188,0.0156,0.028882108998683764,0.024013266168302724,0.8871860565903964,6,5,1.235093545470921,1.03966999995464,1.7077949999020348
Dataset 1,Cell01,0.6,45,narrow_36_385,0.0188,0.0156,0.025094973626391834,0.021065131599026253,0.914831605174232,5,6,1.1811388182484899,0.9241500001735403,1.7453195002872235
Dataset 1,Cell01,0.6,46,narrow_36_385,0.0188,0.0156,0.028232602781902132,0.022278171093583817,0.8922029662051945,4,7,1.0803099090811552,0.8751800000936782,1.7198350001308427
Dataset 1,Cell01,0.6,47,narrow_36_385,0.0188,0.0156,0.022070399785148447,0.017635857202522687,0.9341242799735336,6,5,1.2389716362949086,1.6200599998228427,1.7399099999693135
Dataset 1,Cell01,0.6,48,narrow_36_385,0.0188,0.0156,0.02943254995057801,0.025171720058231963,0.8828450199431381,7,4,1.3150578181673402,1.61195000009684,1.7062749998331128
Dataset 1,Cell01,0.6,49,narrow_36_385,0.0188,0.0156,0.023410691238627088,0.019275351661467464,0.9258803347504536,6,5,1.4520969089889233,1.1354690000189294,2.0811139997931605
Dataset 1,Cell01,0.6,50,narrow_36_385,0.0188,0.0156,0.023121140520382555,0.018600676098768597,0.9277024664798179,6,5,1.2132780909103695,1.590580000083719,1.6675899998972454
Dataset 1,Cell01,0.6,51,narrow_36_385,0.0188,0.0156,0.024465256775791054,0.019838549644936112,0.9190522966419811,6,5,1.2197499091102642,1.6159800002242264,1.7192044999774225
Dataset 1,Cell01,0.4,42,narrow_36_385,0.0188,0.0156,0.017460225629281335,0.013796171305219141,0.9587708218223725,3,8,1.0016452727292993,0.8935300002121949,1.6479039998102962
Dataset 1,Cell01,0.4,43,narrow_36_385,0.0188,0.0156,0.0330509194585382,0.027501884842796535,0.8522688540688799,4,7,1.0641726363990693,0.8612400001766218,1.7050144999757322
Dataset 1,Cell01,0.4,44,narrow_36_385,0.0188,0.0156,0.028528169806443977,0.02351050134882923,0.889934098086091,5,6,1.140200636365824,0.9051000001818466,1.6653089999181248
Dataset 1,Cell01,0.4,45,narrow_36_385,0.0188,0.0156,0.03539956093465787,0.03148997231672006,0.8305269186474966,0,11,0.7857772727055073,0.8430100001532992,0.9156654998605518
Dataset 1,Cell01,0.4,46,narrow_36_385,0.0188,0.0156,0.03231115183251724,0.026634319192598097,0.8588080763917025,3,8,0.99926254543706,0.8609299998170172,1.7154644999664015
Dataset 1,Cell01,0.4,47,narrow_36_385,0.0188,0.0156,0.023011928839512044,0.018435652662023395,0.9283838418275718,4,7,1.0718499090878388,0.8680589999130461,1.6918799999530165
Dataset 1,Cell01,0.4,48,narrow_36_385,0.0188,0.0156,0.028655912060243746,0.025209497314488395,0.8889461941817605,3,8,0.9979935454628669,0.8490600002915016,1.6431950000423967
Dataset 1,Cell01,0.4,49,narrow_36_385,0.0188,0.0156,0.02224241905234759,0.018950492639708605,0.9330933920654425,4,7,1.0761551818425439,0.8539899999959744,1.6743994999615097
Dataset 1,Cell01,0.4,50,narrow_36_385,0.0188,0.0156,0.022927257734201414,0.017980288005655362,0.9289098875641825,3,8,0.9991109090647528,0.8526800002073287,1.6642449998016673
Dataset 1,Cell01,0.4,51,narrow_36_385,0.0188,0.0156,0.028115442293505065,0.023948231800724452,0.8930957884489197,4,7,1.065662636392517,0.8674400000927562,1.708149499791034
Dataset 1,Cell03,1.0,42,narrow_36_385,0.0188,0.0156,0.017528764085627896,0.013956151867078725,0.8930682335634275,10,0,1.8261267999150732,1.8740900000011607,1.9470235498374677
Dataset 1,Cell03,0.8,42,narrow_36_385,0.0188,0.0156,0.01761839731341524,0.01453160656725715,0.8919718476654658,8,2,1.626869799929409,1.8784594999488036,1.9519314499348184
Dataset 1,Cell03,0.8,43,narrow_36_385,0.0188,0.0156,0.016719174097816272,0.012619903693239265,0.9027177090817754,9,1,1.701978799974313,1.864049999994677,1.9388009500517
Dataset 1,Cell03,0.8,44,narrow_36_385,0.0188,0.0156,0.016251077709934964,0.011664916719680462,0.9080887900946973,8,2,1.662562700039416,1.8334700000650628,2.157951449839856
Dataset 1,Cell03,0.8,45,narrow_36_385,0.0188,0.0156,0.016719174097816272,0.012619903693239265,0.9027177090817754,9,1,1.7179188000682188,1.870614500148804,1.9707810001364123
Dataset 1,Cell03,0.8,46,narrow_36_385,0.0188,0.0156,0.017376719050971733,0.013573741691511454,0.8949152469563061,8,2,1.5004658999714593,1.6394599999784987,1.9649015000140935
Dataset 1,Cell03,0.8,47,narrow_36_385,0.0188,0.0156,0.018345816776790206,0.014271075017643853,0.88286727344693,8,2,1.3527239999802987,1.5601099999003054,1.647618999891165
Dataset 1,Cell03,0.8,48,narrow_36_385,0.0188,0.0156,0.017172397788820074,0.013427557480720286,0.8973719613026533,9,1,1.3976916000046913,1.509745000021212,1.5750470000057248
Dataset 1,Cell03,0.8,49,narrow_36_385,0.0188,0.0156,0.01860459815174594,0.014738224779276787,0.8795394790614712,9,1,1.3870327999939036,1.5112900000531226,1.594908499896519
Dataset 1,Cell03,0.8,50,narrow_36_385,0.0188,0.0156,0.0175571944444334,0.014207064227992349,0.8927210814324289,8,2,1.3315698001406417,1.5164999999797146,1.5995585001064683
Dataset 1,Cell03,0.8,51,narrow_36_385,0.0188,0.0156,0.016349192942029564,0.012766870428156196,0.9069756193342495,8,2,1.3264946999697713,1.5256295000654063,1.6282475500247529
Dataset 1,Cell03,0.6,42,narrow_36_385,0.0188,0.0156,0.014855002628326439,0.009699625661223666,0.9232020521861248,4,6,1.0320548000890994,0.8123195000280248,1.6172470500805503
Dataset 1,Cell03,0.6,43,narrow_36_385,0.0188,0.0156,0.015216638688680974,0.010991759848219118,0.9194173386704378,7,3,1.2551840000469383,1.5228950001073827,1.6397440502259997
Dataset 1,Cell03,0.6,44,narrow_36_385,0.0188,0.0156,0.015605790308107959,0.011319434714723731,0.9152429791346527,6,4,1.1705637000886782,1.1896595001417154,1.5773684500345553
Dataset 1,Cell03,0.6,45,narrow_36_385,0.0188,0.0156,0.015709353948559882,0.011314879547216983,0.9141143120133155,5,5,1.0948487001314788,0.8553295003821404,1.58643595018475
Dataset 1,Cell03,0.6,46,narrow_36_385,0.0188,0.0156,0.015471306748917836,0.01088022086904602,0.9166974793425209,4,6,1.0178289000577934,0.8019950000743847,1.6172444502899452
Dataset 1,Cell03,0.6,47,narrow_36_385,0.0188,0.0156,0.019275506145791266,0.01581378451927957,0.8706948773258733,6,4,1.157681600034266,1.4920495000296796,1.5573664499925144
Dataset 1,Cell03,0.6,48,narrow_36_385,0.0188,0.0156,0.01636625152321092,0.013017472708661038,0.9067813966819275,6,4,1.2986328999431862,1.5296449998913886,1.6290295497810803
Dataset 1,Cell03,0.6,49,narrow_36_385,0.0188,0.0156,0.01525105332053924,0.011080112477372627,0.9190524277721916,6,4,1.2029227999391878,1.195934999941528,1.677952949853534
Dataset 1,Cell03,0.6,50,narrow_36_385,0.0188,0.0156,0.01698376799387715,0.012809327405288628,0.8996142088337757,6,4,1.2468066000110412,1.519064499916567,1.6574499500848106
Dataset 1,Cell03,0.6,51,narrow_36_385,0.0188,0.0156,0.016414647942053884,0.012505264574803564,0.9062292706276204,6,4,1.2058418999913556,1.521449500160088,1.7100770000752163
Dataset 1,Cell03,0.4,42,narrow_36_385,0.0188,0.0156,0.01838574223129804,0.013737687256860342,0.8823568937619792,2,8,0.8904660000098374,0.8121250002659508,1.548137999930077
Dataset 1,Cell03,0.4,43,narrow_36_385,0.0188,0.0156,0.012317433600173521,0.009457763128594832,0.947198700804108,4,6,1.036763699949006,0.8394749997933104,1.6213240500746904
Dataset 1,Cell03,0.4,44,narrow_36_385,0.0188,0.0156,0.0167861422141626,0.013124501934119015,0.9019368261059285,5,5,1.1071047000768885,0.8725390000563493,1.562654050076162
Dataset 1,Cell03,0.4,45,narrow_36_385,0.0188,0.0156,0.0695562146873391,0.05069981524837332,-0.6837438700065479,0,10,0.7294829000329628,0.7860250000248925,0.8875805001480329
Dataset 1,Cell03,0.4,46,narrow_36_385,0.0188,0.0156,0.010397043811930712,0.008332506949473184,0.9623795577053351,3,7,0.9644756999477977,0.8052094999584369,1.6156624500126782
Dataset 1,Cell03,0.4,47,narrow_36_385,0.0188,0.0156,0.021373815097298157,0.018844497775502077,0.8410105726407707,4,6,1.0189610000452376,0.8418449999680888,1.5634825000915953
Dataset 1,Cell03,0.4,48,narrow_36_385,0.0188,0.0156,0.054608908103153525,0.043890219836228504,-0.03784174429693454,2,8,0.894963000109783,0.8265600001777784,1.2359975002482309
Dataset 1,Cell03,0.4,49,narrow_36_385,0.0188,0.0156,0.014305034050190839,0.011584205569600936,0.9287832843998997,4,6,1.0072030000173982,0.8122450001337711,1.5000559999634788
Dataset 1,Cell03,0.4,50,narrow_36_385,0.0188,0.0156,0.0209412160045689,0.01757771709391126,0.8473812324971217,3,7,0.950452800043422,0.8254800002305274,1.5305375000480126
Dataset 1,Cell03,0.4,51,narrow_36_385,0.0188,0.0156,0.014500520638302115,0.011481390187304874,0.9268235493574492,4,6,1.0135148000244953,0.8110799999485607,1.5814700000873927
Dataset 1,Cell10,1.0,42,narrow_36_385,0.0188,0.0156,0.01230916507797518,0.009133243425050286,0.9746697773664413,12,0,1.880188916705568,1.910529500037228,2.0189905001643638
Dataset 1,Cell10,0.8,42,narrow_36_385,0.0188,0.0156,0.012374102808231804,0.010007700381799323,0.9744018102047114,9,3,1.6021363334554433,1.8488045000140119,1.9725790003121801
Dataset 1,Cell10,0.8,43,narrow_36_385,0.0188,0.0156,0.019930942638321437,0.01515470185781756,0.9335893863372311,9,3,1.6051090000246404,1.8644949998360971,2.02146450019427
Dataset 1,Cell10,0.8,44,narrow_36_385,0.0188,0.0156,0.016166183814836622,0.0125148574139033,0.9563085115721727,9,3,1.5694708333361025,1.8269349998263351,1.937093999958961
Dataset 1,Cell10,0.8,45,narrow_36_385,0.0188,0.0156,0.015344590563218756,0.011208274469546864,0.9606366162346194,10,2,1.5924105833088713,1.8352199997480056,1.8984004999310855
Dataset 1,Cell10,0.8,46,narrow_36_385,0.0188,0.0156,0.01904989663506185,0.014214791197941704,0.9393309685220553,9,3,1.2799596666278983,1.5112744999896677,1.5831194999236686
Dataset 1,Cell10,0.8,47,narrow_36_385,0.0188,0.0156,0.015690525261755732,0.011028532473158789,0.9588417614754648,10,2,1.351081500009362,1.4982545001203107,1.6162499999381907
Dataset 1,Cell10,0.8,48,narrow_36_385,0.0188,0.0156,0.012793165691837992,0.009807319290277894,0.9726386284043326,11,1,1.4148898333511777,1.520275000075344,1.58225699990453
Dataset 1,Cell10,0.8,49,narrow_36_385,0.0188,0.0156,0.013101470555088778,0.010593104315732321,0.9713039642243383,10,2,1.338006500039531,1.4873100001295825,1.558354500139103
Dataset 1,Cell10,0.8,50,narrow_36_385,0.0188,0.0156,0.012403853268771567,0.00961054368620092,0.9742785732418742,9,3,1.299470416749197,1.4864094998756627,1.6162810001560501
Dataset 1,Cell10,0.8,51,narrow_36_385,0.0188,0.0156,0.01619730940871359,0.012568412120315222,0.9561401066219388,9,3,1.2921472500314242,1.5146149999054614,1.6249155001560212
Dataset 1,Cell10,0.6,42,narrow_36_385,0.0188,0.0156,0.023387233531277443,0.014380816390330795,0.9085593047600591,5,7,1.0238857499492344,0.7731499999863445,1.5885529997831327
Dataset 1,Cell10,0.6,43,narrow_36_385,0.0188,0.0156,0.02232537379474196,0.016978880414028962,0.9166742381891488,7,5,1.1693398333439593,1.5077195000685606,1.594261000059305
Dataset 1,Cell10,0.6,44,narrow_36_385,0.0188,0.0156,0.028313611826918945,0.020220473885209294,0.8659791517914385,7,5,1.1608649166419127,1.1893255000359204,1.546141999892825
Dataset 1,Cell10,0.6,45,narrow_36_385,0.0188,0.0156,0.03125064136271981,0.022182758846264344,0.8367325218619585,5,7,1.0392749166309538,0.8279299997866474,1.558831499869484
Dataset 1,Cell10,0.6,46,narrow_36_385,0.0188,0.0156,0.029649673924766612,0.02084636492001594,0.8530323811310545,5,7,1.0287157499154393,0.7775250001031964,1.598064099948715
Dataset 1,Cell10,0.6,47,narrow_36_385,0.0188,0.0156,0.017991756921395343,0.013725779782999076,0.9458835917177004,6,6,1.1255280000644536,1.1947345001317444,1.621320500089496
Dataset 1,Cell10,0.6,48,narrow_36_385,0.0188,0.0156,0.0341717568877866,0.024269317130452245,0.8047835410743511,8,4,1.2224257500292879,1.487975000145525,1.5958750501795294
Dataset 1,Cell10,0.6,49,narrow_36_385,0.0188,0.0156,0.025102397009064324,0.018386683835668726,0.8946554183751616,6,6,1.0994804167315426,0.8700495002358366,1.5587690500751705
Dataset 1,Cell10,0.6,50,narrow_36_385,0.0188,0.0156,0.014377128813923128,0.01064566027431819,0.9654437869737439,7,5,1.184833166576027,1.5055650001158938,1.6677445500135946
Dataset 1,Cell10,0.6,51,narrow_36_385,0.0188,0.0156,0.021929414193979917,0.018515041413431577,0.9196037345109407,6,6,1.0946800833456412,1.168725500065193,1.5647774999706598
Dataset 1,Cell10,0.4,42,narrow_36_385,0.0188,0.0156,0.008306593509367726,0.006332440615302415,0.9884647308670531,3,9,0.9114733333035474,0.8052349999161379,1.5001434997884644
Dataset 1,Cell10,0.4,43,narrow_36_385,0.0188,0.0156,0.050978062684196926,0.035503465945693334,0.5655413295542451,4,8,0.9686831666992172,0.7841850001568673,1.5834659998745337
Dataset 1,Cell10,0.4,44,narrow_36_385,0.0188,0.0156,0.04682842371338003,0.03005425225187054,0.6333928815742084,5,7,1.0291066667681055,0.7900005002738908,1.5115359999299471
Dataset 1,Cell10,0.4,45,narrow_36_385,0.0188,0.0156,0.04494905648997302,0.03246982522618874,0.6622285214463162,0,12,0.732930499983316,0.7824345000244648,0.859582999964914
Dataset 1,Cell10,0.4,46,narrow_36_385,0.0188,0.0156,0.05744286689208574,0.03971775484288271,0.44836218645871395,3,9,0.9279463333011032,0.791814499962129,1.6214144997320545
Dataset 1,Cell10,0.4,47,narrow_36_385,0.0188,0.0156,0.01340164279149166,0.010118526820716234,0.969973971608734,4,8,0.980975749977612,0.8033995000005234,1.5693020000526303
Dataset 1,Cell10,0.4,48,narrow_36_385,0.0188,0.0156,0.02958142529436997,0.02104844031507323,0.8537081925843657,4,8,0.9644924166802108,0.7953700001053221,1.5131955000697417
Dataset 1,Cell10,0.4,49,narrow_36_385,0.0188,0.0156,0.01857200227527142,0.013937704755981198,0.9423367294304645,4,8,0.9765857499057043,0.8006749999367457,1.5418035000493546
Dataset 1,Cell10,0.4,50,narrow_36_385,0.0188,0.0156,0.007909236711164476,0.00634715008396682,0.9895419440286635,4,8,0.9734849166610123,0.8214595000026748,1.5384670000003098
Dataset 1,Cell10,0.4,51,narrow_36_385,0.0188,0.0156,0.020190912584118793,0.016203542780943592,0.9318456293335531,4,8,0.9823923332987761,0.7973900001161383,1.6165379998938079
Dataset 1,Cell11,1.0,42,narrow_36_385,0.0188,0.0156,0.030820179321207387,0.02759079792256356,0.8518336301696168,15,0,1.8806837333007327,1.9110299999738345,2.0004082998639205
Dataset 1,Cell11,0.8,42,narrow_36_385,0.0188,0.0156,0.03712702081681075,0.03123459880700142,0.7849895732859208,11,4,1.6033786000358912,1.874120000138646,1.9281812999452086
Dataset 1,Cell11,0.8,43,narrow_36_385,0.0188,0.0156,0.043400435103779327,0.03315969803055811,0.7061893831397685,12,3,1.6776979333068691,1.880280000023049,2.0092489999569807
Dataset 1,Cell11,0.8,44,narrow_36_385,0.0188,0.0156,0.0443951272680484,0.036867370976899,0.6925673924271432,10,5,1.5531151999918318,1.844470000378351,2.056392999929812
Dataset 1,Cell11,0.8,45,narrow_36_385,0.0188,0.0156,0.034814203334559174,0.02936793385445297,0.8109432268323088,12,3,1.355120400027469,1.5232300002026022,1.6237207000813214
Dataset 1,Cell11,0.8,46,narrow_36_385,0.0188,0.0156,0.03762702053218445,0.032811017062436415,0.7791593692791953,12,3,1.3537843999984034,1.4993700001468824,1.6466292999211871
Dataset 1,Cell11,0.8,47,narrow_36_385,0.0188,0.0156,0.031575177061276306,0.028194264389581763,0.8444854932622897,12,3,1.3555964666617608,1.5210100000331295,1.6123200000492943
Dataset 1,Cell11,0.8,48,narrow_36_385,0.0188,0.0156,0.032035675421168995,0.02755373346660249,0.8399163095331048,14,1,1.4325917332826066,1.5116099998522259,1.5732609997940017
Dataset 1,Cell11,0.8,49,narrow_36_385,0.0188,0.0156,0.03957615221978121,0.03279054621314702,0.7556870692097336,12,3,1.3515892665964202,1.5079989998412202,1.611517999890566
Dataset 1,Cell11,0.8,50,narrow_36_385,0.0188,0.0156,0.03533210135272252,0.0287754808988076,0.8052765510610322,12,3,1.3391732667211425,1.4998000001469336,1.588298700244195
Dataset 1,Cell11,0.8,51,narrow_36_385,0.0188,0.0156,0.04202308887631989,0.03617385412535301,0.7245420814390255,12,3,1.3511597999846952,1.5101799999683863,1.6646600000967737
Dataset 1,Cell11,0.6,42,narrow_36_385,0.0188,0.0156,0.07408251337009768,0.05578579002141926,0.1439271295487743,6,9,1.0482551999605978,0.7949099999677856,1.621820299851606
Dataset 1,Cell11,0.6,43,narrow_36_385,0.0188,0.0156,0.04672632487133111,0.03868599501516442,0.6594329979687996,10,5,1.2332812665893773,1.5001409997239534,1.6132609997839606
Dataset 1,Cell11,0.6,44,narrow_36_385,0.0188,0.0156,0.059228226143486086,0.046500010761187156,0.4528117413621213,7,8,1.102135333348997,0.8146000000124332,1.5879439999025635
Dataset 1,Cell11,0.6,45,narrow_36_385,0.0188,0.0156,0.06298491948356985,0.046988978038128855,0.3811969080445806,6,9,1.053193266731493,0.8222100000239152,1.5841630002341844
Dataset 1,Cell11,0.6,46,narrow_36_385,0.0188,0.0156,0.06950301887497608,0.053629560305598366,0.24649410327463572,6,9,1.0530208000394243,0.7982299998730014,1.6257479999239877
Dataset 1,Cell11,0.6,47,narrow_36_385,0.0188,0.0156,0.044647186535714034,0.03788593715906387,0.6890665027515064,7,8,1.0870898666325957,0.8972400000857306,1.5617036997355171
Dataset 1,Cell11,0.6,48,narrow_36_385,0.0188,0.0156,0.030022620495790162,0.024666501361568522,0.8594028520130483,11,4,1.3034332666090147,1.5072899996084743,1.6022639999846433
Dataset 1,Cell11,0.6,49,narrow_36_385,0.0188,0.0156,0.06446325433469062,0.050290850500989207,0.35180784433869683,7,8,1.0910191332792845,0.8092399998531619,1.5993503000117923
Dataset 1,Cell11,0.6,50,narrow_36_385,0.0188,0.0156,0.03620010585929761,0.03016191254061446,0.795591477493791,10,5,1.2416811333120374,1.4969789999668137,1.583228000163217
Dataset 1,Cell11,0.6,51,narrow_36_385,0.0188,0.0156,0.07253869976415,0.05814716154915718,0.17923495660516642,8,7,1.1476798665777703,1.4780799997424765,1.5951922997373913
Dataset 1,Cell11,0.4,42,narrow_36_385,0.0188,0.0156,0.08537104544372058,0.06856064084811525,-0.13684306693333448,3,12,0.8959764000489182,0.78815000006216,1.536577999831934
Dataset 1,Cell11,0.4,43,narrow_36_385,0.0188,0.0156,0.06545538141923488,0.04878289193299217,0.331702196317468,6,9,1.0480171333256294,0.8016589999897406,1.6403042998717863
Dataset 1,Cell11,0.4,44,narrow_36_385,0.0188,0.0156,0.07378446267115048,0.05686401179656722,0.1508016222317926,5,10,1.0040765333542367,0.8031110000956687,1.5955236999161568
Dataset 1,Cell11,0.4,45,narrow_36_385,0.0188,0.0156,0.07414881577988072,0.05528127250527756,0.14239410667767427,0,15,0.8357018666477719,0.8279100002255291,1.2600827000824208
Dataset 1,Cell11,0.4,46,narrow_36_385,0.0188,0.0156,0.09659192360638172,0.07522126394025454,-0.4553282110749368,4,11,0.9505070666515772,0.7997199995770643,1.6374099998756717
Dataset 1,Cell11,0.4,47,narrow_36_385,0.0188,0.0156,0.0734290846521635,0.05934476520258037,0.15896213893249223,4,11,0.9297152000726783,0.7752800001981086,1.519408299918723
Dataset 1,Cell11,0.4,48,narrow_36_385,0.0188,0.0156,0.0267174382723868,0.02015724339049483,0.8886554543657817,6,9,1.0480145999281376,0.812560000213125,1.604854999868621
Dataset 1,Cell11,0.4,49,narrow_36_385,0.0188,0.0156,0.07418359932714798,0.05352632577400828,0.14158930429094518,5,10,0.9904700000636998,0.786690000040835,1.6050933000315126
Dataset 1,Cell11,0.4,50,narrow_36_385,0.0188,0.0156,0.044026340080136575,0.034383977127856014,0.6976538199492985,7,8,1.089985733293967,0.9078499997485778,1.5085560000443365
Dataset 1,Cell11,0.4,51,narrow_36_385,0.0188,0.0156,0.09570303752805087,0.07264212342053461,-0.42866617408583907,5,10,0.9948192000289661,0.8090000001175213,1.5959987000314868
Dataset 1,Cell12,1.0,42,narrow_36_385,0.0188,0.0156,0.036832578122394544,0.0285109219783636,0.810266559794441,10,0,1.9610838000517106,1.9182799999271083,2.483119500175234
Dataset 1,Cell12,0.8,42,narrow_36_385,0.0188,0.0156,0.03465292139407553,0.02510558393753144,0.8320579883965475,8,2,1.6396596000049612,1.8546650001098897,1.952131499956522
Dataset 1,Cell12,0.8,43,narrow_36_385,0.0188,0.0156,0.036181411736423016,0.027018406333937005,0.8169158869109584,9,1,1.7273606999424373,1.846450000130062,1.9545569499086923
Dataset 1,Cell12,0.8,44,narrow_36_385,0.0188,0.0156,0.034203843735961435,0.02459699806002249,0.8363826059721681,8,2,1.615333399922747,1.8331344997477572,1.9871289998945938
Dataset 1,Cell12,0.8,45,narrow_36_385,0.0188,0.0156,0.036181411736423016,0.027018406333937005,0.8169158869109584,9,1,1.725469599932694,1.8568639998193248,2.0247034999101743
Dataset 1,Cell12,0.8,46,narrow_36_385,0.0188,0.0156,0.03737181000068268,0.02975588830603333,0.8046704684968461,8,2,1.4044569000361662,1.4764444999855186,2.008334500146702
Dataset 1,Cell12,0.8,47,narrow_36_385,0.0188,0.0156,0.038230907929610036,0.0295186979065175,0.7955868324558197,8,2,1.3279709000471485,1.5144149999741785,1.6186515000526924
Dataset 1,Cell12,0.8,48,narrow_36_385,0.0188,0.0156,0.03504874918159577,0.026423614525286056,0.8281993941711001,9,1,1.370954899903154,1.4943094997761364,1.554716999885386
Dataset 1,Cell12,0.8,49,narrow_36_385,0.0188,0.0156,0.038204306571629355,0.029651734496858328,0.795871197978626,9,1,1.3972729000215622,1.4977744999669085,1.5973839998878248
Dataset 1,Cell12,0.8,50,narrow_36_385,0.0188,0.0156,0.036145088188907035,0.026783922435248096,0.8172833090742988,8,2,1.3021597000260954,1.4700199999424512,1.5684580500419543
Dataset 1,Cell12,0.8,51,narrow_36_385,0.0188,0.0156,0.03581204068717294,0.028607039943539303,0.8206349667153117,8,2,1.3442077999570756,1.5540249999048683,1.6884240001900253
Dataset 1,Cell12,0.6,42,narrow_36_385,0.0188,0.0156,0.029303847324505222,0.02026933531074828,0.8799038929399494,4,6,1.0058789000595425,0.8078344999375986,1.576878500213752
Dataset 1,Cell12,0.6,43,narrow_36_385,0.0188,0.0156,0.03505710451995058,0.02720997334109544,0.8281174726575009,7,3,1.2952046000009432,1.5395744999295857,1.7352525499745752
Dataset 1,Cell12,0.6,44,narrow_36_385,0.0188,0.0156,0.05334400576157477,0.03244844487975507,0.6020294877379533,6,4,1.149084800044875,1.1855995001042174,1.5473724499997843
Dataset 1,Cell12,0.6,45,narrow_36_385,0.0188,0.0156,0.04581008038958906,0.02508489814857421,0.706504293927781,5,5,1.1104767000688298,0.8517795001807826,1.586267950006004
Dataset 1,Cell12,0.6,46,narrow_36_385,0.0188,0.0156,0.05105814442657041,0.03378877303262495,0.6354058475619663,4,6,1.007699599949774,0.7937795000998449,1.5880014998401746
Dataset 1,Cell12,0.6,47,narrow_36_385,0.0188,0.0156,0.03950911604570416,0.03151745640370072,0.7816896779792696,6,4,1.1821936999695026,1.470900000185793,1.643637949950971
Dataset 1,Cell12,0.6,48,narrow_36_385,0.0188,0.0156,0.03387028387606172,0.02335757478340713,0.8395582770312137,6,4,1.1667418999877555,1.184550499829129,1.551809450302244
Dataset 1,Cell12,0.6,49,narrow_36_385,0.0188,0.0156,0.03494312378194286,0.025777106747196032,0.8292333348549921,6,4,1.1857667000185756,1.1836350001885876,1.6701609998335696
Dataset 1,Cell12,0.6,50,narrow_36_385,0.0188,0.0156,0.03544215715341036,0.02691023665745914,0.8243209647333849,6,4,1.1767958998916583,1.4949149999665678,1.602895000019089
Dataset 1,Cell12,0.6,51,narrow_36_385,0.0188,0.0156,0.03678866800536784,0.029517712112811578,0.8107186732189829,6,4,1.1695858000166481,1.4972895003211306,1.6322990498792933
Dataset 1,Cell12,0.4,42,narrow_36_385,0.0188,0.0156,0.046403958336793054,0.027333639314250525,0.6988452618927149,2,8,0.8840180000788678,0.8072600001014507,1.570294000043759
Dataset 1,Cell12,0.4,43,narrow_36_385,0.0188,0.0156,0.05365256219905524,0.03457631356780837,0.5974122301570972,4,6,1.0521208000682236,0.8501395002440404,1.6340220000984118
Dataset 1,Cell12,0.4,44,narrow_36_385,0.0188,0.0156,0.05295796909389009,0.03061451698409636,0.607768663628071,5,5,1.1192865999873902,0.8966595000856614,1.6208159499456085
Dataset 1,Cell12,0.4,45,narrow_36_385,0.0188,0.0156,0.038159584071008786,0.018530853149854996,0.7963488303681452,0,10,0.7366278999597853,0.8005850002064108,0.8986915000832595
Dataset 1,Cell12,0.4,46,narrow_36_385,0.0188,0.0156,0.058290080566684985,0.03758879636765117,0.5248081809739098,3,7,0.9576777999427577,0.798300000042218,1.6474634999440239
Dataset 1,Cell12,0.4,47,narrow_36_385,0.0188,0.0156,0.041782581770431544,0.032147527171195386,0.7558424335904901,4,6,1.035102800005916,0.8663945000080275,1.5680205001217473
Dataset 1,Cell12,0.4,48,narrow_36_385,0.0188,0.0156,0.015728232006674003,0.01124468482795542,0.9654029190616912,2,8,0.9014758999455807,0.8134694999171188,1.2658790000841684
Dataset 1,Cell12,0.4,49,narrow_36_385,0.0188,0.0156,0.036059026658657595,0.026403617235449504,0.8181523708653469,4,6,1.0394368001470866,0.8757095001783455,1.5393475001701518
Dataset 1,Cell12,0.4,50,narrow_36_385,0.0188,0.0156,0.037423107879215184,0.02664432324208289,0.8041338679158845,3,7,0.9621128000617318,0.8293749999666034,1.5694024999220346
Dataset 1,Cell12,0.4,51,narrow_36_385,0.0188,0.0156,0.05913290045666887,0.039538132384357924,0.5109671792819228,4,6,1.0504297999887058,0.8106600000701292,1.7503089499314226
